[04Apr2025 21:12:13.829] [main/INFO] [cpw.mods.modlauncher.Launcher/MODLAUNCHER]: ModLauncher running: args [--launchTarget, forgeserver, --fml.forgeVersion, 47.3.7, --fml.mcVersion, 1.20.1, --fml.forgeGroup, net.minecraftforge, --fml.mcpVersion, 20230612.114412, nogui]
[04Apr2025 21:12:13.834] [main/INFO] [cpw.mods.modlauncher.Launcher/MODLAUNCHER]: ModLauncher 10.0.9+10.0.9+main.dcd20f30 starting: java version 17.0.14 by Ubuntu; OS Linux arch amd64 version 6.8.0-1021-azure
[04Apr2025 21:12:15.168] [main/INFO] [net.minecraftforge.fml.loading.ImmediateWindowHandler/]: ImmediateWindowProvider not loading because launch target is forgeserver
[04Apr2025 21:12:15.209] [main/INFO] [mixin/]: SpongePowered MIXIN Subsystem Version=0.8.5 Source=union:/workspaces/Server_M/servidor_minecraft/libraries/org/spongepowered/mixin/0.8.5/mixin-0.8.5.jar%2365!/ Service=ModLauncher Env=SERVER
[04Apr2025 21:12:15.816] [main/WARN] [net.minecraftforge.fml.loading.moddiscovery.ModFileParser/LOADING]: Mod file /workspaces/Server_M/servidor_minecraft/libraries/net/minecraftforge/fmlcore/1.20.1-47.3.7/fmlcore-1.20.1-47.3.7.jar is missing mods.toml file
[04Apr2025 21:12:15.817] [main/WARN] [net.minecraftforge.fml.loading.moddiscovery.ModFileParser/LOADING]: Mod file /workspaces/Server_M/servidor_minecraft/libraries/net/minecraftforge/javafmllanguage/1.20.1-47.3.7/javafmllanguage-1.20.1-47.3.7.jar is missing mods.toml file
[04Apr2025 21:12:15.817] [main/WARN] [net.minecraftforge.fml.loading.moddiscovery.ModFileParser/LOADING]: Mod file /workspaces/Server_M/servidor_minecraft/libraries/net/minecraftforge/lowcodelanguage/1.20.1-47.3.7/lowcodelanguage-1.20.1-47.3.7.jar is missing mods.toml file
[04Apr2025 21:12:15.818] [main/WARN] [net.minecraftforge.fml.loading.moddiscovery.ModFileParser/LOADING]: Mod file /workspaces/Server_M/servidor_minecraft/libraries/net/minecraftforge/mclanguage/1.20.1-47.3.7/mclanguage-1.20.1-47.3.7.jar is missing mods.toml file
[04Apr2025 21:12:16.603] [main/WARN] [net.minecraftforge.jarjar.selection.JarSelector/]: Attempted to select two dependency jars from JarJar which have the same identification: Mod File:  and Mod File: . Using Mod File: 
[04Apr2025 21:12:16.606] [main/WARN] [net.minecraftforge.jarjar.selection.JarSelector/]: Attempted to select a dependency jar for JarJar which was passed in as source: cloth_config. Using Mod File: /workspaces/Server_M/servidor_minecraft/mods/cloth-config-11.1.136-forge.jar
[04Apr2025 21:12:16.606] [main/INFO] [net.minecraftforge.fml.loading.moddiscovery.JarInJarDependencyLocator/]: Found 50 dependencies adding them to mods collection
[04Apr2025 21:12:23.611] [main/INFO] [mixin/]: Compatibility level set to JAVA_17
[04Apr2025 21:12:23.837] [main/ERROR] [mixin/]: Mixin config celestisynth.mixins.json does not specify "minVersion" property
[04Apr2025 21:12:24.132] [main/ERROR] [mixin/]: Mixin config mixins.satin.client.json does not specify "minVersion" property
[04Apr2025 21:12:24.232] [main/ERROR] [mixin/]: Mixin config entity_model_features.mixins.json does not specify "minVersion" property
[04Apr2025 21:12:24.337] [main/ERROR] [mixin/]: Mixin config mixins.recrafted_creatures.json does not specify "minVersion" property
[04Apr2025 21:12:24.341] [main/ERROR] [mixin/]: Mixin config mixins.duclib.json does not specify "minVersion" property
[04Apr2025 21:12:24.390] [main/ERROR] [mixin/]: Mixin config azurelib.mixins.json does not specify "minVersion" property
[04Apr2025 21:12:24.393] [main/ERROR] [mixin/]: Mixin config azurelib.forge.mixins.json does not specify "minVersion" property
[04Apr2025 21:12:24.576] [main/INFO] [mixin/]: Successfully loaded Mixin Connector [com.sonicether.soundphysics.MixinConnector]
[04Apr2025 21:12:24.579] [main/INFO] [mixin/]: Successfully loaded Mixin Connector [ca.spottedleaf.starlight.mixin.MixinConnector]
[04Apr2025 21:12:24.581] [main/INFO] [mixin/]: Successfully loaded Mixin Connector [com.robertx22.library_of_exile.MixinConnector]
[04Apr2025 21:12:24.587] [main/INFO] [cpw.mods.modlauncher.LaunchServiceHandler/MODLAUNCHER]: Launching target 'forgeserver' with arguments [nogui]
[04Apr2025 21:12:24.740] [main/INFO] [ModernFix/]: Loaded configuration file for ModernFix 5.20.0+mc1.20.1: 86 options available, 0 override(s) found
[04Apr2025 21:12:24.741] [main/INFO] [ModernFix/]: Applying Nashorn fix
[04Apr2025 21:12:24.758] [main/INFO] [ModernFix/]: Applied Forge config corruption patch
[04Apr2025 21:12:24.831] [main/INFO] [Embeddium/]: Loaded configuration file for Embeddium: 311 options available, 3 override(s) found
[04Apr2025 21:12:24.904] [main/WARN] [mixin/]: Reference map 'mysticaloaktree-common-refmap.json' for mysticaloaktree-common.mixins.json could not be read. If this is a development environment you can ignore this message
[04Apr2025 21:12:24.910] [main/WARN] [mixin/]: Reference map 'mysticaloaktree-forge-refmap.json' for mysticaloaktree.mixins.json could not be read. If this is a development environment you can ignore this message
[04Apr2025 21:12:25.030] [main/WARN] [mixin/]: Reference map 'graveyard-FORGE-forge-refmap.json' for graveyard-forge.mixins.json could not be read. If this is a development environment you can ignore this message
[04Apr2025 21:12:25.273] [main/INFO] [Canary/]: Loaded configuration file for Canary: 116 options available, 0 override(s) found
[04Apr2025 21:12:25.286] [main/WARN] [mixin/]: Reference map 'wits-common-refmap.json' for wits-common.mixins.json could not be read. If this is a development environment you can ignore this message
[04Apr2025 21:12:25.345] [main/INFO] [Puzzles Lib/]: Loading 265 mods:
	- a_good_place 1.20-1.2.5
	- advancementplaques 1.6.7
	- aiimprovements 0.5.2
	- ambientsounds 6.1.4
	- amendments 1.20-1.2.14
	- aquaculture 2.5.3
	- aquamirae 6.API15
	- architectury 9.2.14
	- astikorcarts 1.1.8
	- attributefix 21.0.4
	- azurelib 2.0.41
	- badmobs 19.0.4
	- bagus_lib 1.20.1-5.3.0
	- bagusmob 1.20.1-4.0.2
	- balm 7.3.10
		\-- kuma_api 20.1.9-SNAPSHOT
	- beautify 2.0.2
	- beggars 1.0.0
	- better_totem_of_undying 1.2.0
	- betteradvancements 0.4.2.10
	- betterarcheology 1.2.1-1.20.1
	- bettercombat 1.8.6+1.20.1
	- betterdeserttemples 1.20-Forge-3.0.3
	- betterfortresses 1.20-Forge-2.0.6
	- betterfpsdist 1.20.1-6.0
	- betterjungletemples 1.20-Forge-2.0.5
	- betterlightning 1.1.0-1.20.1
	- bettermobcombat 1.2.4
	- betteroceanmonuments 1.20-Forge-3.0.4
	- bettervillage 3.2.0
	- biomemusic 1.20.1-2.5
	- biomesoplenty 18.0.0.592
	- biomeswevegone 1.5.1
	- blue_skies 1.3.31
	- blur 3.1.1
		\-- satin 1.20.1+1.15.0-SNAPSHOT
	- bookshelf 20.2.13
	- born_in_chaos_v1 1.6.2
	- boss_music_mod 1.2.0
	- bosses_of_mass_destruction 1.1.1
	- botarium 2.3.4
	- bountiful 6.0.4+1.20.1
	- burnt 1.7.0
	- butchersdelight 1.20.12.1.0
	- butchersdelightfoods 1.20.11.0.3
	- caelus 3.2.0+1.20.1
	- call_of_yucutan 1.0.13
	- campfireresting 1.6.0
	- canary 0.3.3
	- cataclysm 2.35
	- cavedust 2.0.1
	- celestisynth 1.20.1-1.3.1
	- cerbons_api 1.0.0
	- chatimpressiveanimation 1.2.1+mc1.20.4
	- chiselsandbits 1.4.148
		\-- scena 1.0.103
	- chococraft 0.9.12
	- citadel 2.6.1
	- cleanview 1.20.1-v1
	- clickadv 1.20.1-3.8
	- cloth_config 11.1.136
	- clumps 12.0.0.4
	- collective 7.87
	- controlling 12.0.2
	- corgilib 4.0.3.3
	- coroutil 1.20.1-1.3.7
	- corpse 1.20.1-1.0.19
	- crafttweaker 14.0.48
	- crawlondemand 1.20.x-1.0.0
	- create 0.5.1.j
		\-- flywheel 0.6.11-13
	- creativecore 2.12.28
	- cristellib 1.1.6
	- culllessleaves 1.20.1-1.0.5
	- cupboard 1.20.1-2.7
	- curios 5.11.1+1.20.1
	- damageindicator 2.1.0-1.20.1
	- despawn_tweaker 1.20.1-1.0.0
	- doapi 1.2.15
		\-- terraform 7.0.1
	- dragonmounts 1.2.3-beta
	- duclib 1.1.4
	- dummmmmmy 1.20-2.0.2
	- dungeons_arise 2.1.58-1.20.x
	- eeeabsmobs 1.20.1-0.96.1
	- elenaidodge2 1.1
		\-- playeranimator 1.0.2-rc1+1.20
	- embeddium 0.3.31+mc1.20.1
		\-- rubidium 0.7.1
	- endermanoverhaul 1.0.4
	- endrem 5.3.3-R-1.20.1
	- entity_model_features 2.4.1
	- entity_texture_features 6.2.9
	- entityculling 1.7.2
	- euphoria_patcher 1.4.3-r5.3-forge
	- evenmoreinstruments 6.1.3
	- explorerscompass 1.20.1-1.3.3-forge
	- explorify 1.6.2
	- exposure 1.7.7
	- extralib 1.4.3
	- extrasounds 1.3
	- fallingleaves 2.1.0
	- fancymenu 3.3.2
	- farm_and_charm 1.0.4
	- farmersdelight 1.20.1-1.2.6
	- fastload 3.4.0
	- feathers 1.1
	- ferritecore 6.0.1
	- forge 47.3.7
	- fpsreducer 1.20-2.5
	- framework 0.7.12
	- ftblibrary 2001.2.7
	- ftbquests 2001.4.9
	- ftbteams 2001.3.0
	- fzzy_config 0.6.0+1.20.1+forge
	- geckolib 4.7
	- genshinstrument 4.0.2
	- getittogetherdrops 1.3
	- gnumus 1.0.0
	- goblintraders 1.9.3
	- golemsarefriends 1.20.0-1.0.1
	- gpumemleakfix 1.20.1-1.8
	- graveyard 3.1
	- guardvillagers 1.20.1-1.6.10
	- healingbed 1.20.1
	- healingcampfire 6.1
	- hideuimod 1.0.4
	- hopo 1.2.2
	- hoporp 1.3.7
	- hopour 1.1.4
	- hourglass 1.2.1.1
	- iceberg 1.1.25
	- idas 1.10.3+1.20.1
	- illager_additions 1.20.1-0.0.2-alpha
	- illagerraidmusic 1.1.1
	- illagerrevolutionmod 1.4}
	- immediatelyfast 1.3.3+1.20.4
	- immersive_melodies 0.3.0+1.20.1
	- immersiveui 0.3.0
	- incontrol 1.20-9.2.11
	- integrated_api 1.5.1+1.20.1-forge
		\-- mixinextras 0.2.0-beta.7
	- integrated_villages 1.1.5+1.20.1-forge
	- irons_spellbooks 1.20.1-3.4.0.7
	- itemborders 1.2.2
	- itemphysic 1.8.4
	- itemproductionlib 1.0.2a
	- jade 11.12.2+forge
	- jei 15.20.0.105
	- justzoom 1.0.2
	- kambrik 6.1.1+1.20.1
	- kiwi 11.8.28+forge
	- kobolds 2.12.0
	- konkrete 1.8.0
	- kotlinforforge 4.11.0
	- leavesbegone 8.0.0
	- legendary_monsters 1.20.1
	- lexicon 1.5.4
	- library_of_exile 1.5.7
	- libraryferret 4.0.0
	- lionfishapi 2.4-Fix
	- lithostitched 1.3.8
	- loot_journal 4.0.2
	- lootbeams 1.20.1
	- lootr 0.7.35.90
	- lucent 1.5.5
	- luminous_beasts 1.2
	- majruszlibrary 7.0.8
	- majruszsdifficulty 1.9.10
	- make_bubbles_pop 0.3.0-forge
	- mca 7.5.21+1.20.1
	- melody 1.0.2
	- minecraft 1.20.1
	- mobhealthbar 2.3.0
	- mobplayeranimator 1.3.2
	- mobtimizations 1.20.1-1.0.0
	- modernfix 5.20.0+mc1.20.1
	- moonlight 1.20-2.13.46
	- mousetweaks 2.25.1
	- mowziesmobs 1.6.4
	- mr_dungeons_andtaverns 3.0.3.f
	- mr_stellarity 2.0d
	- mr_tidal_towns 1.3.4
	- mvs 4.1.4-1.20-forge
	- mysticaloaktree 1.20-1.11
	- naturalist 4.0.3
	- nbt 1.0.5
	- noisium 2.3.0+mc1.20-1.20.1
	- obscure_api 15
	- obscure_tooltips 2.2
	- octolib 0.4.2
	- oculus 1.8.0
	- ohthetreesyoullgrow 1.20.1-1.3.4
	- openloader 19.0.4
	- overflowingbars 8.0.1
	- paraglider 20.1.3
	- particle_core 0.2.5+1.20.1+forge
		\-- conditional_mixin 0.6.2
	- patchouli 1.20.1-84-FORGE
	- perefction_hud 1.0.0
	- pingwheel 1.10.0
	- polymorph 0.49.8+1.20.1
		\-- spectrelib 0.13.17+1.20.1
	- presencefootsteps 1.20.1-1.9.1-beta.1
	- prism 1.0.5
	- puzzleslib 8.1.25
		\-- puzzlesaccessapi 8.0.7
	- quark 4.0-460
	- radiantgear 2.2.0+1.20.1
	- realmrpg_skeletons 1.1.0
	- recrafted_creatures 1.4.6-1.20.1
	- regions_unexplored 0.5.6
	- repurposed_structures 7.1.15+1.20.1-forge
	- resourcefulconfig 2.1.2
	- resourcefullib 2.1.29
	- responsiveshields 2.3
	- ribbits 1.20.1-Forge-3.0.2
	- royalvariations 1.0.0
	- rustic_engineer 1.0.0
	- samurai_dynasty 0.0.48-1.20.1-neo
	- seadwellers 2.9.9
	- searchables 1.0.3
	- shouldersurfing 1.20.1-4.1.2
	- skyvillages 1.0.4
	- smoothswapping 0.9.2
	- sophisticatedbackpacks 3.22.0.1165
	- sophisticatedcore 1.1.1.832
	- sound_physics_remastered 1.20.1-1.4.8
	- stardew_fishing 1.3
	- starlight 1.1.2+forge.1cda73c
	- structory 1.3.5
	- structory_towers 1.0.7
	- structure_gel 2.16.2
	- structureessentials 1.20.1-3.4
	- subtle_effects 1.8.0
	- supermartijn642configlib 1.1.8
	- supplementaries 1.20-3.1.11
		\-- mixinsquared 0.1.1
	- taxwl 1.0.4
	- terrablender 3.0.1.7
	- terralith 2.5.4
	- timm 1.0.4
	- tmg 1.3
	- trajectory_preview 6.0.3-1.20.1
	- travelerstitles 1.20-Forge-4.0.2
	- tslatentitystatus 1.5.1
	- valhelsia_core 1.1.2
	- valhelsia_furniture 1.1.3
	- valhelsia_structures 1.20.1-1.1.2
	- valkyrienskies 2.3.0-beta.5
	- villagersellanimals 1.2.1
	- visuality 2.0.2
	- visualworkbench 8.0.0
	- vs_eureka 1.5.1-beta.3
	- w2w2 1.0
	- wardrobe 1.0.3.1
	- waveycapes 1.4.13
	- waystones 14.1.6
	- weaponmaster_ydm 4.2.3
	- whatareyouvotingfor 1.2.2
	- wither_spawn_animation 1.3
	- wits 1.1.0+1.20.1-forge
	- xaerominimap 24.7.1
	- xaeroworldmap 1.39.2
	- yungsapi 1.20-Forge-4.0.6
	- yungsbridges 1.20-Forge-4.0.3
	- zeta 1.0-24
[04Apr2025 21:12:25.497] [main/WARN] [mixin/]: Reference map 'Aquamirae.refmap.json' for aquamirae.mixins.json could not be read. If this is a development environment you can ignore this message
[04Apr2025 21:12:25.511] [main/WARN] [mixin/]: Reference map 'cristellib-forge-refmap.json' for cristellib.mixins.json could not be read. If this is a development environment you can ignore this message
[04Apr2025 21:12:25.537] [main/WARN] [mixin/]: Reference map 'naturalist-forge-forge-refmap.json' for naturalist.mixins.json could not be read. If this is a development environment you can ignore this message
[04Apr2025 21:12:25.554] [main/WARN] [mixin/]: Reference map 'eureka-1201-forge-refmap.json' for vs_eureka.mixins.json could not be read. If this is a development environment you can ignore this message
[04Apr2025 21:12:25.588] [main/INFO] [fpsreducer/]: OptiFine was NOT detected.
[04Apr2025 21:12:25.592] [main/INFO] [fpsreducer/]: OptiFabric was NOT detected.
[04Apr2025 21:12:25.658] [main/WARN] [mixin/]: Reference map 'mixins.beggars.refmap.json' for mixins.beggars.json could not be read. If this is a development environment you can ignore this message
[04Apr2025 21:12:25.785] [main/WARN] [mixin/]: Reference map 'mixins.call_of_yucutan.refmap.json' for mixins.call_of_yucutan.json could not be read. If this is a development environment you can ignore this message
[04Apr2025 21:12:25.934] [main/WARN] [mixin/]: Reference map 'coroutil.refmap.json' for coroutil.mixins.json could not be read. If this is a development environment you can ignore this message
[04Apr2025 21:12:25.941] [main/WARN] [mixin/]: Reference map 'mvs-forge-refmap.json' for mvs-forge.mixins.json could not be read. If this is a development environment you can ignore this message
[04Apr2025 21:12:26.000] [main/WARN] [mixin/]: Reference map 'chiselsandbits.refmap.json' for chisels-and-bits.mixins.json could not be read. If this is a development environment you can ignore this message
[04Apr2025 21:12:27.780] [main/WARN] [mixin/]: Error loading class: noppes/npcs/ai/EntityAIAttackTarget (java.lang.ClassNotFoundException: noppes.npcs.ai.EntityAIAttackTarget)
[04Apr2025 21:12:27.785] [main/WARN] [mixin/]: Error loading class: com/talhanation/recruits/entities/AbstractRecruitEntity (java.lang.ClassNotFoundException: com.talhanation.recruits.entities.AbstractRecruitEntity)
[04Apr2025 21:12:27.790] [main/WARN] [mixin/]: Error loading class: com/talhanation/recruits/util/AttackUtil (java.lang.ClassNotFoundException: com.talhanation.recruits.util.AttackUtil)
[04Apr2025 21:12:27.794] [main/WARN] [mixin/]: Error loading class: com/talhanation/recruits/entities/ai/HorsemanAttackAI (java.lang.ClassNotFoundException: com.talhanation.recruits.entities.ai.HorsemanAttackAI)
[04Apr2025 21:12:27.800] [main/WARN] [mixin/]: Error loading class: com/talhanation/recruits/entities/ai/pillager/PillagerMeleeAttackGoal (java.lang.ClassNotFoundException: com.talhanation.recruits.entities.ai.pillager.PillagerMeleeAttackGoal)
[04Apr2025 21:12:27.805] [main/WARN] [mixin/]: Error loading class: com/talhanation/recruits/entities/ai/RecruitEatGoal (java.lang.ClassNotFoundException: com.talhanation.recruits.entities.ai.RecruitEatGoal)
[04Apr2025 21:12:27.809] [main/WARN] [mixin/]: Error loading class: com/talhanation/recruits/entities/ai/RecruitMeleeAttackGoal (java.lang.ClassNotFoundException: com.talhanation.recruits.entities.ai.RecruitMeleeAttackGoal)
[04Apr2025 21:12:27.814] [main/WARN] [mixin/]: Error loading class: com/talhanation/recruits/entities/ai/UseShield (java.lang.ClassNotFoundException: com.talhanation.recruits.entities.ai.UseShield)
[04Apr2025 21:12:27.896] [main/WARN] [mixin/]: Error loading class: tfar/davespotioneering/blockentity/AdvancedBrewingStandBlockEntity (java.lang.ClassNotFoundException: tfar.davespotioneering.blockentity.AdvancedBrewingStandBlockEntity)
[04Apr2025 21:12:27.897] [main/WARN] [mixin/]: @Mixin target tfar.davespotioneering.blockentity.AdvancedBrewingStandBlockEntity was not found itemproductionlib.mixins.json:davespotioneering/AdvancedBrewingStandBlockEntityMixin
[04Apr2025 21:12:28.182] [main/WARN] [mixin/]: Error loading class: rbasamoyai/createbigcannons/cannon_control/contraption/PitchOrientedContraptionEntity (java.lang.ClassNotFoundException: rbasamoyai.createbigcannons.cannon_control.contraption.PitchOrientedContraptionEntity)
[04Apr2025 21:12:28.185] [main/WARN] [mixin/]: Error loading class: com/jamieswhiteshirt/reachentityattributes/ReachEntityAttributes (java.lang.ClassNotFoundException: com.jamieswhiteshirt.reachentityattributes.ReachEntityAttributes)
[04Apr2025 21:12:28.193] [main/WARN] [mixin/]: Error loading class: blusunrize/immersiveengineering/common/gui/BlockEntityInventory (java.lang.ClassNotFoundException: blusunrize.immersiveengineering.common.gui.BlockEntityInventory)
[04Apr2025 21:12:28.195] [main/WARN] [mixin/]: Error loading class: net/dries007/tfc/world/TFCChunkGenerator (java.lang.ClassNotFoundException: net.dries007.tfc.world.TFCChunkGenerator)
[04Apr2025 21:12:28.198] [main/WARN] [mixin/]: Error loading class: cofh/core/block/entity/TileCoFH (java.lang.ClassNotFoundException: cofh.core.block.entity.TileCoFH)
[04Apr2025 21:12:28.200] [main/WARN] [mixin/]: Error loading class: li/cil/tis3d/common/entity/InfraredPacketEntity (java.lang.ClassNotFoundException: li.cil.tis3d.common.entity.InfraredPacketEntity)
[04Apr2025 21:12:28.203] [main/WARN] [mixin/]: Error loading class: me/desht/modularrouters/container/RouterMenu (java.lang.ClassNotFoundException: me.desht.modularrouters.container.RouterMenu)
[04Apr2025 21:12:28.216] [main/ERROR] [net.minecraftforge.fml.loading.RuntimeDistCleaner/DISTXFORM]: Attempted to load class net/minecraft/client/renderer/PostChain for invalid dist DEDICATED_SERVER
[04Apr2025 21:12:28.216] [main/WARN] [mixin/]: Error loading class: net/minecraft/client/renderer/PostChain (java.lang.RuntimeException: Attempted to load class net/minecraft/client/renderer/PostChain for invalid dist DEDICATED_SERVER)
[04Apr2025 21:12:28.216] [main/WARN] [mixin/]: @Mixin target net.minecraft.client.renderer.PostChain was not found mixins.satin.client.json:AccessiblePassesShaderEffect
[04Apr2025 21:12:28.217] [main/ERROR] [net.minecraftforge.fml.loading.RuntimeDistCleaner/DISTXFORM]: Attempted to load class net/minecraft/client/renderer/RenderType for invalid dist DEDICATED_SERVER
[04Apr2025 21:12:28.217] [main/WARN] [mixin/]: Error loading class: net/minecraft/client/renderer/RenderType (java.lang.RuntimeException: Attempted to load class net/minecraft/client/renderer/RenderType for invalid dist DEDICATED_SERVER)
[04Apr2025 21:12:28.217] [main/WARN] [mixin/]: @Mixin target net.minecraft.client.renderer.RenderType was not found mixins.satin.client.json:blockrenderlayer.RenderLayerMixin
[04Apr2025 21:12:28.220] [main/ERROR] [net.minecraftforge.fml.loading.RuntimeDistCleaner/DISTXFORM]: Attempted to load class net/minecraft/client/renderer/LevelRenderer for invalid dist DEDICATED_SERVER
[04Apr2025 21:12:28.220] [main/WARN] [mixin/]: Error loading class: net/minecraft/client/renderer/LevelRenderer (java.lang.RuntimeException: Attempted to load class net/minecraft/client/renderer/LevelRenderer for invalid dist DEDICATED_SERVER)
[04Apr2025 21:12:28.220] [main/WARN] [mixin/]: @Mixin target net.minecraft.client.renderer.LevelRenderer was not found mixins.satin.client.json:blockrenderlayer.WorldRendererMixin
[04Apr2025 21:12:28.222] [main/ERROR] [net.minecraftforge.fml.loading.RuntimeDistCleaner/DISTXFORM]: Attempted to load class net/minecraft/client/renderer/GameRenderer for invalid dist DEDICATED_SERVER
[04Apr2025 21:12:28.222] [main/WARN] [mixin/]: Error loading class: net/minecraft/client/renderer/GameRenderer (java.lang.RuntimeException: Attempted to load class net/minecraft/client/renderer/GameRenderer for invalid dist DEDICATED_SERVER)
[04Apr2025 21:12:28.222] [main/WARN] [mixin/]: @Mixin target net.minecraft.client.renderer.GameRenderer was not found mixins.satin.client.json:event.GameRendererMixin
[04Apr2025 21:12:28.278] [main/ERROR] [net.minecraftforge.fml.loading.RuntimeDistCleaner/DISTXFORM]: Attempted to load class net/minecraft/client/Minecraft for invalid dist DEDICATED_SERVER
[04Apr2025 21:12:28.278] [main/WARN] [mixin/]: Error loading class: net/minecraft/client/Minecraft (java.lang.RuntimeException: Attempted to load class net/minecraft/client/Minecraft for invalid dist DEDICATED_SERVER)
[04Apr2025 21:12:28.278] [main/WARN] [mixin/]: @Mixin target net.minecraft.client.Minecraft was not found mixins.satin.client.json:event.MinecraftClientMixin
[04Apr2025 21:12:28.281] [main/ERROR] [net.minecraftforge.fml.loading.RuntimeDistCleaner/DISTXFORM]: Attempted to load class net/minecraft/client/renderer/LevelRenderer for invalid dist DEDICATED_SERVER
[04Apr2025 21:12:28.282] [main/WARN] [mixin/]: Error loading class: net/minecraft/client/renderer/LevelRenderer (java.lang.RuntimeException: Attempted to load class net/minecraft/client/renderer/LevelRenderer for invalid dist DEDICATED_SERVER)
[04Apr2025 21:12:28.282] [main/WARN] [mixin/]: @Mixin target net.minecraft.client.renderer.LevelRenderer was not found mixins.satin.client.json:event.WorldRendererMixin
[04Apr2025 21:12:28.282] [main/ERROR] [net.minecraftforge.fml.loading.RuntimeDistCleaner/DISTXFORM]: Attempted to load class net/minecraft/client/renderer/ShaderInstance for invalid dist DEDICATED_SERVER
[04Apr2025 21:12:28.282] [main/WARN] [mixin/]: Error loading class: net/minecraft/client/renderer/ShaderInstance (java.lang.RuntimeException: Attempted to load class net/minecraft/client/renderer/ShaderInstance for invalid dist DEDICATED_SERVER)
[04Apr2025 21:12:28.282] [main/WARN] [mixin/]: @Mixin target net.minecraft.client.renderer.ShaderInstance was not found mixins.satin.client.json:gl.CoreShaderMixin
[04Apr2025 21:12:28.283] [main/ERROR] [net.minecraftforge.fml.loading.RuntimeDistCleaner/DISTXFORM]: Attempted to load class com/mojang/blaze3d/pipeline/RenderTarget for invalid dist DEDICATED_SERVER
[04Apr2025 21:12:28.283] [main/WARN] [mixin/]: Error loading class: com/mojang/blaze3d/pipeline/RenderTarget (java.lang.RuntimeException: Attempted to load class com/mojang/blaze3d/pipeline/RenderTarget for invalid dist DEDICATED_SERVER)
[04Apr2025 21:12:28.283] [main/WARN] [mixin/]: @Mixin target com.mojang.blaze3d.pipeline.RenderTarget was not found mixins.satin.client.json:gl.CustomFormatFramebufferMixin
[04Apr2025 21:12:28.286] [main/WARN] [mixin/]: Error loading class: com/mojang/blaze3d/shaders/Uniform (java.lang.ClassNotFoundException: com.mojang.blaze3d.shaders.Uniform)
[04Apr2025 21:12:28.287] [main/WARN] [mixin/]: @Mixin target com.mojang.blaze3d.shaders.Uniform was not found mixins.satin.client.json:gl.GlUniformMixin
[04Apr2025 21:12:28.287] [main/ERROR] [net.minecraftforge.fml.loading.RuntimeDistCleaner/DISTXFORM]: Attempted to load class net/minecraft/client/renderer/EffectInstance for invalid dist DEDICATED_SERVER
[04Apr2025 21:12:28.287] [main/WARN] [mixin/]: Error loading class: net/minecraft/client/renderer/EffectInstance (java.lang.RuntimeException: Attempted to load class net/minecraft/client/renderer/EffectInstance for invalid dist DEDICATED_SERVER)
[04Apr2025 21:12:28.287] [main/WARN] [mixin/]: @Mixin target net.minecraft.client.renderer.EffectInstance was not found mixins.satin.client.json:gl.JsonEffectGlShaderMixin
[04Apr2025 21:12:28.288] [main/ERROR] [net.minecraftforge.fml.loading.RuntimeDistCleaner/DISTXFORM]: Attempted to load class net/minecraft/client/renderer/PostChain for invalid dist DEDICATED_SERVER
[04Apr2025 21:12:28.288] [main/WARN] [mixin/]: Error loading class: net/minecraft/client/renderer/PostChain (java.lang.RuntimeException: Attempted to load class net/minecraft/client/renderer/PostChain for invalid dist DEDICATED_SERVER)
[04Apr2025 21:12:28.288] [main/WARN] [mixin/]: @Mixin target net.minecraft.client.renderer.PostChain was not found mixins.satin.client.json:gl.CustomFormatPostEffectProcessorMixin
[04Apr2025 21:12:28.289] [main/ERROR] [net.minecraftforge.fml.loading.RuntimeDistCleaner/DISTXFORM]: Attempted to load class net/minecraft/client/renderer/RenderType for invalid dist DEDICATED_SERVER
[04Apr2025 21:12:28.289] [main/WARN] [mixin/]: Error loading class: net/minecraft/client/renderer/RenderType (java.lang.RuntimeException: Attempted to load class net/minecraft/client/renderer/RenderType for invalid dist DEDICATED_SERVER)
[04Apr2025 21:12:28.289] [main/WARN] [mixin/]: @Mixin target net.minecraft.client.renderer.RenderType was not found mixins.satin.client.json:render.RenderLayerAccessor
[04Apr2025 21:12:28.290] [main/ERROR] [net.minecraftforge.fml.loading.RuntimeDistCleaner/DISTXFORM]: Attempted to load class net/minecraft/client/renderer/RenderType for invalid dist DEDICATED_SERVER
[04Apr2025 21:12:28.290] [main/WARN] [mixin/]: Error loading class: net/minecraft/client/renderer/RenderType (java.lang.RuntimeException: Attempted to load class net/minecraft/client/renderer/RenderType for invalid dist DEDICATED_SERVER)
[04Apr2025 21:12:28.290] [main/WARN] [mixin/]: @Mixin target net.minecraft.client.renderer.RenderType was not found mixins.satin.client.json:render.RenderLayerMixin
[04Apr2025 21:12:28.290] [main/ERROR] [net.minecraftforge.fml.loading.RuntimeDistCleaner/DISTXFORM]: Attempted to load class net/minecraft/client/renderer/RenderType$CompositeState for invalid dist DEDICATED_SERVER
[04Apr2025 21:12:28.290] [main/WARN] [mixin/]: Error loading class: net/minecraft/client/renderer/RenderType$CompositeState (java.lang.RuntimeException: Attempted to load class net/minecraft/client/renderer/RenderType$CompositeState for invalid dist DEDICATED_SERVER)
[04Apr2025 21:12:28.290] [main/WARN] [mixin/]: @Mixin target net.minecraft.client.renderer.RenderType$CompositeState was not found mixins.satin.client.json:render.RenderLayerMixin$MultiPhaseParametersAccessor
[04Apr2025 21:12:28.291] [main/ERROR] [net.minecraftforge.fml.loading.RuntimeDistCleaner/DISTXFORM]: Attempted to load class net/minecraft/client/renderer/RenderType$CompositeRenderType for invalid dist DEDICATED_SERVER
[04Apr2025 21:12:28.291] [main/WARN] [mixin/]: Error loading class: net/minecraft/client/renderer/RenderType$CompositeRenderType (java.lang.RuntimeException: Attempted to load class net/minecraft/client/renderer/RenderType$CompositeRenderType for invalid dist DEDICATED_SERVER)
[04Apr2025 21:12:28.291] [main/WARN] [mixin/]: @Mixin target net.minecraft.client.renderer.RenderType$CompositeRenderType was not found mixins.satin.client.json:render.RenderLayerMultiPhaseMixin
[04Apr2025 21:12:28.292] [main/WARN] [mixin/]: Error loading class: net/minecraft/client/renderer/RenderStateShard (java.lang.ClassNotFoundException: net.minecraft.client.renderer.RenderStateShard)
[04Apr2025 21:12:28.292] [main/WARN] [mixin/]: @Mixin target net.minecraft.client.renderer.RenderStateShard was not found mixins.satin.client.json:render.RenderPhaseAccessor
[04Apr2025 21:12:28.355] [main/INFO] [com.cupboard.Cupboard/]: Loaded config for: structureessentials.json
[04Apr2025 21:12:28.520] [main/ERROR] [net.minecraftforge.fml.loading.RuntimeDistCleaner/DISTXFORM]: Attempted to load class net/minecraft/client/gui/screens/inventory/AbstractContainerScreen for invalid dist DEDICATED_SERVER
[04Apr2025 21:12:28.520] [main/WARN] [mixin/]: Error loading class: net/minecraft/client/gui/screens/inventory/AbstractContainerScreen (java.lang.RuntimeException: Attempted to load class net/minecraft/client/gui/screens/inventory/AbstractContainerScreen for invalid dist DEDICATED_SERVER)
[04Apr2025 21:12:28.520] [main/WARN] [mixin/]: @Mixin target net.minecraft.client.gui.screens.inventory.AbstractContainerScreen was not found itemborders.mixins.json:AbstractContainerScreenMixin
[04Apr2025 21:12:28.521] [main/ERROR] [net.minecraftforge.fml.loading.RuntimeDistCleaner/DISTXFORM]: Attempted to load class net/minecraft/client/gui/Gui for invalid dist DEDICATED_SERVER
[04Apr2025 21:12:28.522] [main/WARN] [mixin/]: Error loading class: net/minecraft/client/gui/Gui (java.lang.RuntimeException: Attempted to load class net/minecraft/client/gui/Gui for invalid dist DEDICATED_SERVER)
[04Apr2025 21:12:28.522] [main/WARN] [mixin/]: @Mixin target net.minecraft.client.gui.Gui was not found itemborders.mixins.json:GuiMixin
[04Apr2025 21:12:28.805] [main/ERROR] [mixin/]: valkyrienskies-common.mixins.json:feature.container_distance_check.MixinContainer: Interface mixin contains a non-public method! Found includeShipsInDistanceCheck(Lnet/minecraft/world/entity/player/Player;DDD)D in valkyrienskies-common.mixins.json:feature.container_distance_check.MixinContainer
org.spongepowered.asm.mixin.transformer.throwables.InvalidInterfaceMixinException: Interface mixin contains a non-public method! Found includeShipsInDistanceCheck(Lnet/minecraft/world/entity/player/Player;DDD)D in valkyrienskies-common.mixins.json:feature.container_distance_check.MixinContainer
	at org.spongepowered.asm.mixin.transformer.MixinPreProcessorInterface.prepareMethod(MixinPreProcessorInterface.java:65) ~[mixin-0.8.5.jar%2365!/:0.8.5+Jenkins-b310.git-155314e6e91465dad727e621a569906a410cd6f4]
	at org.spongepowered.asm.mixin.transformer.MixinPreProcessorStandard.prepare(MixinPreProcessorStandard.java:187) ~[mixin-0.8.5.jar%2365!/:0.8.5+Jenkins-b310.git-155314e6e91465dad727e621a569906a410cd6f4]
	at org.spongepowered.asm.mixin.transformer.MixinInfo$State.validate(MixinInfo.java:322) ~[mixin-0.8.5.jar%2365!/:0.8.5+Jenkins-b310.git-155314e6e91465dad727e621a569906a410cd6f4]
	at org.spongepowered.asm.mixin.transformer.MixinInfo.validate(MixinInfo.java:913) ~[mixin-0.8.5.jar%2365!/:0.8.5+Jenkins-b310.git-155314e6e91465dad727e621a569906a410cd6f4]
	at org.spongepowered.asm.mixin.transformer.MixinConfig.postInitialise(MixinConfig.java:801) ~[mixin-0.8.5.jar%2365!/:0.8.5+Jenkins-b310.git-155314e6e91465dad727e621a569906a410cd6f4]
	at org.spongepowered.asm.mixin.transformer.MixinProcessor.prepareConfigs(MixinProcessor.java:567) ~[mixin-0.8.5.jar%2365!/:0.8.5+Jenkins-b310.git-155314e6e91465dad727e621a569906a410cd6f4]
	at org.spongepowered.asm.mixin.transformer.MixinProcessor.select(MixinProcessor.java:462) ~[mixin-0.8.5.jar%2365!/:0.8.5+Jenkins-b310.git-155314e6e91465dad727e621a569906a410cd6f4]
	at org.spongepowered.asm.mixin.transformer.MixinProcessor.checkSelect(MixinProcessor.java:438) ~[mixin-0.8.5.jar%2365!/:0.8.5+Jenkins-b310.git-155314e6e91465dad727e621a569906a410cd6f4]
	at org.spongepowered.asm.mixin.transformer.MixinProcessor.applyMixins(MixinProcessor.java:290) ~[mixin-0.8.5.jar%2365!/:0.8.5+Jenkins-b310.git-155314e6e91465dad727e621a569906a410cd6f4]
	at org.spongepowered.asm.mixin.transformer.MixinTransformer.transformClass(MixinTransformer.java:250) ~[mixin-0.8.5.jar%2365!/:0.8.5+Jenkins-b310.git-155314e6e91465dad727e621a569906a410cd6f4]
	at org.spongepowered.asm.service.modlauncher.MixinTransformationHandler.processClass(MixinTransformationHandler.java:131) ~[mixin-0.8.5.jar%2365!/:0.8.5+Jenkins-b310.git-155314e6e91465dad727e621a569906a410cd6f4]
	at org.spongepowered.asm.launch.MixinLaunchPluginLegacy.processClass(MixinLaunchPluginLegacy.java:131) ~[mixin-0.8.5.jar%2365!/:0.8.5+Jenkins-b310.git-155314e6e91465dad727e621a569906a410cd6f4]
	at cpw.mods.modlauncher.serviceapi.ILaunchPluginService.processClassWithFlags(ILaunchPluginService.java:156) ~[modlauncher-10.0.9.jar%2355!/:10.0.9+10.0.9+main.dcd20f30]
	at cpw.mods.modlauncher.LaunchPluginHandler.offerClassNodeToPlugins(LaunchPluginHandler.java:88) ~[modlauncher-10.0.9.jar%2355!/:?]
	at cpw.mods.modlauncher.ClassTransformer.transform(ClassTransformer.java:120) ~[modlauncher-10.0.9.jar%2355!/:?]
	at cpw.mods.modlauncher.TransformingClassLoader.maybeTransformClassBytes(TransformingClassLoader.java:50) ~[modlauncher-10.0.9.jar%2355!/:?]
	at cpw.mods.cl.ModuleClassLoader.readerToClass(ModuleClassLoader.java:113) ~[securejarhandler-2.1.10.jar:?]
	at cpw.mods.cl.ModuleClassLoader.lambda$findClass$15(ModuleClassLoader.java:219) ~[securejarhandler-2.1.10.jar:?]
	at cpw.mods.cl.ModuleClassLoader.loadFromModule(ModuleClassLoader.java:229) ~[securejarhandler-2.1.10.jar:?]
	at cpw.mods.cl.ModuleClassLoader.findClass(ModuleClassLoader.java:219) ~[securejarhandler-2.1.10.jar:?]
	at java.lang.ClassLoader.loadClass(ClassLoader.java:637) ~[?:?]
	at java.lang.Class.forName(Class.java:545) ~[?:?]
	at net.minecraftforge.fml.loading.ImmediateWindowHandler$DummyProvider.lambda$updateModuleReads$1(ImmediateWindowHandler.java:145) ~[fmlloader-1.20.1-47.3.7.jar%2369!/:1.0]
	at java.util.Optional.map(Optional.java:260) ~[?:?]
	at net.minecraftforge.fml.loading.ImmediateWindowHandler$DummyProvider.updateModuleReads(ImmediateWindowHandler.java:145) ~[fmlloader-1.20.1-47.3.7.jar%2369!/:1.0]
	at net.minecraftforge.fml.loading.ImmediateWindowHandler.acceptGameLayer(ImmediateWindowHandler.java:71) ~[fmlloader-1.20.1-47.3.7.jar%2369!/:1.0]
	at net.minecraftforge.fml.loading.FMLLoader.beforeStart(FMLLoader.java:207) ~[fmlloader-1.20.1-47.3.7.jar%2369!/:1.0]
	at net.minecraftforge.fml.loading.targets.CommonLaunchHandler.launchService(CommonLaunchHandler.java:92) ~[fmlloader-1.20.1-47.3.7.jar%2369!/:?]
	at cpw.mods.modlauncher.LaunchServiceHandlerDecorator.launch(LaunchServiceHandlerDecorator.java:30) ~[modlauncher-10.0.9.jar%2355!/:?]
	at cpw.mods.modlauncher.LaunchServiceHandler.launch(LaunchServiceHandler.java:53) ~[modlauncher-10.0.9.jar%2355!/:?]
	at cpw.mods.modlauncher.LaunchServiceHandler.launch(LaunchServiceHandler.java:71) ~[modlauncher-10.0.9.jar%2355!/:?]
	at cpw.mods.modlauncher.Launcher.run(Launcher.java:108) ~[modlauncher-10.0.9.jar%2355!/:?]
	at cpw.mods.modlauncher.Launcher.main(Launcher.java:78) ~[modlauncher-10.0.9.jar%2355!/:?]
	at cpw.mods.modlauncher.BootstrapLaunchConsumer.accept(BootstrapLaunchConsumer.java:26) ~[modlauncher-10.0.9.jar%2355!/:?]
	at cpw.mods.modlauncher.BootstrapLaunchConsumer.accept(BootstrapLaunchConsumer.java:23) ~[modlauncher-10.0.9.jar%2355!/:?]
	at cpw.mods.bootstraplauncher.BootstrapLauncher.main(BootstrapLauncher.java:141) ~[bootstraplauncher-1.1.2.jar:?]
[04Apr2025 21:12:28.900] [main/INFO] [MixinExtras|Service/]: Initializing MixinExtras via com.llamalad7.mixinextras.service.MixinExtrasServiceImpl(version=0.4.1).
[04Apr2025 21:12:29.536] [main/INFO] [net.minecraft.server.Bootstrap/]: ModernFix reached bootstrap stage (17.55 s after launch)
[04Apr2025 21:12:29.622] [main/WARN] [mixin/]: @Final field delegatesByName:Ljava/util/Map; in modernfix-forge.mixins.json:perf.forge_registry_alloc.ForgeRegistryMixin should be final
[04Apr2025 21:12:29.623] [main/WARN] [mixin/]: @Final field delegatesByValue:Ljava/util/Map; in modernfix-forge.mixins.json:perf.forge_registry_alloc.ForgeRegistryMixin should be final
[04Apr2025 21:12:29.715] [main/INFO] [ModernFix/]: Injecting BlockStateBase cache population hook into getOpacityIfCached from ca.spottedleaf.starlight.mixin.common.blockstate.BlockStateBaseMixin
[04Apr2025 21:12:29.715] [main/INFO] [ModernFix/]: Injecting BlockStateBase cache population hook into getNeighborPathNodeType from com.abdelaziz.canary.mixin.ai.pathing.BlockStateBaseMixin
[04Apr2025 21:12:29.715] [main/INFO] [ModernFix/]: Injecting BlockStateBase cache population hook into getPathNodeType from com.abdelaziz.canary.mixin.ai.pathing.BlockStateBaseMixin
[04Apr2025 21:12:29.715] [main/INFO] [ModernFix/]: Injecting BlockStateBase cache population hook into isConditionallyFullOpaque from ca.spottedleaf.starlight.mixin.common.blockstate.BlockStateBaseMixin
[04Apr2025 21:12:31.326] [main/INFO] [net.minecraft.server.Bootstrap/]: Vanilla bootstrap took 1786 milliseconds
[04Apr2025 21:12:33.222] [main/WARN] [mixin/]: @Final field f_26027_:Lnet/minecraft/world/entity/ai/targeting/TargetingConditions; in guardvillagers.mixins.json:DefendVillageGoalGolemMixin should be final
[04Apr2025 21:12:33.469] [main/WARN] [mixin/]: Method overwrite conflict for scheduleRandomTick in corgilib-common.mixins.json:chunk.MixinChunkAccess, previously written by dev.corgitaco.ohthetreesyoullgrow.mixin.chunk.MixinChunkAccess. Skipping method.
[04Apr2025 21:12:33.469] [main/WARN] [mixin/]: Method overwrite conflict for getScheduledRandomTicks in corgilib-common.mixins.json:chunk.MixinChunkAccess, previously written by dev.corgitaco.ohthetreesyoullgrow.mixin.chunk.MixinChunkAccess. Skipping method.
[04Apr2025 21:12:34.770] [main/WARN] [mixin/]: Static binding violation: PRIVATE @Overwrite method m_47505_ in modernfix-common.mixins.json:perf.remove_biome_temperature_cache.BiomeMixin cannot reduce visibiliy of PUBLIC target method, visibility will be upgraded.
[04Apr2025 21:12:35.404] [modloading-worker-0/INFO] [scena-forge/]: Initialized scena-forge
[04Apr2025 21:12:35.633] [modloading-worker-0/ERROR] [net.minecraftforge.fml.javafmlmod.FMLModContainer/LOADING]: Failed to create mod instance. ModID: lootbeams, class com.lootbeams.LootBeams
java.lang.NoClassDefFoundError: net/minecraft/client/renderer/RenderStateShard$EmptyTextureStateShard
	at java.lang.Class.getDeclaredConstructors0(Native Method) ~[?:?]
	at java.lang.Class.privateGetDeclaredConstructors(Class.java:3373) ~[?:?]
	at java.lang.Class.getConstructor0(Class.java:3578) ~[?:?]
	at java.lang.Class.getDeclaredConstructor(Class.java:2754) ~[?:?]
	at net.minecraftforge.fml.javafmlmod.FMLModContainer.constructMod(FMLModContainer.java:70) ~[javafmllanguage-1.20.1-47.3.7.jar%23609!/:?]
	at net.minecraftforge.fml.ModContainer.lambda$buildTransitionHandler$4(ModContainer.java:124) ~[fmlcore-1.20.1-47.3.7.jar%23608!/:?]
	at java.util.concurrent.CompletableFuture$AsyncRun.run(CompletableFuture.java:1804) ~[?:?]
	at java.util.concurrent.CompletableFuture$AsyncRun.exec(CompletableFuture.java:1796) ~[?:?]
	at java.util.concurrent.ForkJoinTask.doExec(ForkJoinTask.java:373) ~[?:?]
	at java.util.concurrent.ForkJoinPool$WorkQueue.topLevelExec(ForkJoinPool.java:1182) ~[?:?]
	at java.util.concurrent.ForkJoinPool.scan(ForkJoinPool.java:1655) ~[?:?]
	at java.util.concurrent.ForkJoinPool.runWorker(ForkJoinPool.java:1622) ~[?:?]
	at java.util.concurrent.ForkJoinWorkerThread.run(ForkJoinWorkerThread.java:165) ~[?:?]
Caused by: java.lang.ClassNotFoundException: net.minecraft.client.renderer.RenderStateShard$EmptyTextureStateShard
	at cpw.mods.cl.ModuleClassLoader.loadClass(ModuleClassLoader.java:141) ~[securejarhandler-2.1.10.jar:?]
	at java.lang.ClassLoader.loadClass(ClassLoader.java:525) ~[?:?]
	... 13 more
[04Apr2025 21:12:35.661] [modloading-worker-0/WARN] [net.minecraftforge.common.ForgeConfigSpec/CORE]: Configuration file /workspaces/Server_M/servidor_minecraft/config/guardvillagers-common.toml is not correct. Correcting
[04Apr2025 21:12:36.084] [modloading-worker-0/INFO] [Puzzles Lib/]: Constructing common components for leavesbegone:main
[04Apr2025 21:12:36.385] [modloading-worker-0/ERROR] [net.minecraftforge.fml.loading.RuntimeDistCleaner/DISTXFORM]: Attempted to load class net/minecraft/client/Minecraft for invalid dist DEDICATED_SERVER
[04Apr2025 21:12:36.387] [modloading-worker-0/ERROR] [net.minecraftforge.fml.javafmlmod.FMLModContainer/LOADING]: Failed to create mod instance. ModID: blur, class com.tterrag.blur.Blur
java.lang.ExceptionInInitializerError: null
	at jdk.internal.reflect.NativeConstructorAccessorImpl.newInstance0(Native Method) ~[?:?]
	at jdk.internal.reflect.NativeConstructorAccessorImpl.newInstance(NativeConstructorAccessorImpl.java:77) ~[?:?]
	at jdk.internal.reflect.DelegatingConstructorAccessorImpl.newInstance(DelegatingConstructorAccessorImpl.java:45) ~[?:?]
	at java.lang.reflect.Constructor.newInstanceWithCaller(Constructor.java:500) ~[?:?]
	at java.lang.reflect.Constructor.newInstance(Constructor.java:481) ~[?:?]
	at net.minecraftforge.fml.javafmlmod.FMLModContainer.constructMod(FMLModContainer.java:70) ~[javafmllanguage-1.20.1-47.3.7.jar%23609!/:?]
	at net.minecraftforge.fml.ModContainer.lambda$buildTransitionHandler$4(ModContainer.java:124) ~[fmlcore-1.20.1-47.3.7.jar%23608!/:?]
	at java.util.concurrent.CompletableFuture$AsyncRun.run(CompletableFuture.java:1804) ~[?:?]
	at java.util.concurrent.CompletableFuture$AsyncRun.exec(CompletableFuture.java:1796) ~[?:?]
	at java.util.concurrent.ForkJoinTask.doExec(ForkJoinTask.java:373) ~[?:?]
	at java.util.concurrent.ForkJoinPool$WorkQueue.topLevelExec(ForkJoinPool.java:1182) ~[?:?]
	at java.util.concurrent.ForkJoinPool.scan(ForkJoinPool.java:1655) ~[?:?]
	at java.util.concurrent.ForkJoinPool.runWorker(ForkJoinPool.java:1622) ~[?:?]
	at java.util.concurrent.ForkJoinWorkerThread.run(ForkJoinWorkerThread.java:165) ~[?:?]
Caused by: java.lang.RuntimeException: Attempted to load class net/minecraft/client/Minecraft for invalid dist DEDICATED_SERVER
	at net.minecraftforge.fml.loading.RuntimeDistCleaner.processClassWithFlags(RuntimeDistCleaner.java:57) ~[fmlloader-1.20.1-47.3.7.jar%2369!/:1.0]
	at cpw.mods.modlauncher.LaunchPluginHandler.offerClassNodeToPlugins(LaunchPluginHandler.java:88) ~[modlauncher-10.0.9.jar%2355!/:?]
	at cpw.mods.modlauncher.ClassTransformer.transform(ClassTransformer.java:120) ~[modlauncher-10.0.9.jar%2355!/:?]
	at cpw.mods.modlauncher.TransformingClassLoader.maybeTransformClassBytes(TransformingClassLoader.java:50) ~[modlauncher-10.0.9.jar%2355!/:?]
	at cpw.mods.cl.ModuleClassLoader.readerToClass(ModuleClassLoader.java:113) ~[securejarhandler-2.1.10.jar:?]
	at cpw.mods.cl.ModuleClassLoader.lambda$findClass$15(ModuleClassLoader.java:219) ~[securejarhandler-2.1.10.jar:?]
	at cpw.mods.cl.ModuleClassLoader.loadFromModule(ModuleClassLoader.java:229) ~[securejarhandler-2.1.10.jar:?]
	at cpw.mods.cl.ModuleClassLoader.findClass(ModuleClassLoader.java:219) ~[securejarhandler-2.1.10.jar:?]
	at cpw.mods.cl.ModuleClassLoader.loadClass(ModuleClassLoader.java:135) ~[securejarhandler-2.1.10.jar:?]
	at java.lang.ClassLoader.loadClass(ClassLoader.java:525) ~[?:?]
	at com.tterrag.blur.Blur.<clinit>(Blur.java:22) ~[blur-forge-3.1.1.jar%23381!/:?]
	... 14 more
[04Apr2025 21:12:36.436] [modloading-worker-0/WARN] [ModdingLegacy/Lucent/]: [lucent] LUCENT IS A CLIENT SIDE MOD. IT DOES NOT NEED TO BE INSTALLED ON THE SERVER.
[04Apr2025 21:12:36.484] [modloading-worker-0/INFO] [noisium/]: Loading Noisium.
[04Apr2025 21:12:36.659] [modloading-worker-0/INFO] [coroutil/]: forge loader environment detected
[04Apr2025 21:12:37.206] [modloading-worker-0/INFO] [Puzzles Lib/]: Constructing common components for visualworkbench:main
[04Apr2025 21:12:37.385] [modloading-worker-0/INFO] [com.jtorleonstudios.libraryferret.LibraryFerret/]: Initialize mod Library Ferret
[04Apr2025 21:12:37.401] [modloading-worker-0/INFO] [com.jtorleonstudios.libraryferret.LibraryFerret/]: Initialized mod Library Ferret
[04Apr2025 21:12:37.771] [modloading-worker-0/WARN] [fallingleaves/]: Falling Leaves is a client only mod and should be removed from the mods list
[04Apr2025 21:12:37.817] [modloading-worker-0/INFO] [graveyard/]: Registered JSON trade offer adapter.
[04Apr2025 21:12:37.943] [modloading-worker-0/INFO] [net.minecraftforge.common.ForgeMod/FORGEMOD]: Forge mod loading, version 47.3.7, for MC 1.20.1 with MCP 20230612.114412
[04Apr2025 21:12:37.944] [modloading-worker-0/INFO] [net.minecraftforge.common.MinecraftForge/FORGE]: MinecraftForge v47.3.7 Initialized
[04Apr2025 21:12:38.180] [modloading-worker-0/INFO] [snownee.kiwi.Kiwi/INIT]: Processing 5 KiwiModule annotations
[04Apr2025 21:12:38.574] [modloading-worker-0/INFO] [thedarkcolour.kotlinforforge.test.KotlinForForge/]: Kotlin For Forge Enabled!
[04Apr2025 21:12:38.682] [modloading-worker-0/ERROR] [net.minecraftforge.fml.loading.RuntimeDistCleaner/DISTXFORM]: Attempted to load class net/minecraft/client/Minecraft for invalid dist DEDICATED_SERVER
[04Apr2025 21:12:38.682] [modloading-worker-0/ERROR] [net.minecraftforge.fml.javafmlmod.FMLModContainer/LOADING]: Failed to create mod instance. ModID: timm, class net.tape.timm.TheImmersiveMusicMod
java.lang.ExceptionInInitializerError: null
	at jdk.internal.reflect.NativeConstructorAccessorImpl.newInstance0(Native Method) ~[?:?]
	at jdk.internal.reflect.NativeConstructorAccessorImpl.newInstance(NativeConstructorAccessorImpl.java:77) ~[?:?]
	at jdk.internal.reflect.DelegatingConstructorAccessorImpl.newInstance(DelegatingConstructorAccessorImpl.java:45) ~[?:?]
	at java.lang.reflect.Constructor.newInstanceWithCaller(Constructor.java:500) ~[?:?]
	at java.lang.reflect.Constructor.newInstance(Constructor.java:481) ~[?:?]
	at net.minecraftforge.fml.javafmlmod.FMLModContainer.constructMod(FMLModContainer.java:70) ~[javafmllanguage-1.20.1-47.3.7.jar%23609!/:?]
	at net.minecraftforge.fml.ModContainer.lambda$buildTransitionHandler$4(ModContainer.java:124) ~[fmlcore-1.20.1-47.3.7.jar%23608!/:?]
	at java.util.concurrent.CompletableFuture$AsyncRun.run(CompletableFuture.java:1804) ~[?:?]
	at java.util.concurrent.CompletableFuture$AsyncRun.exec(CompletableFuture.java:1796) ~[?:?]
	at java.util.concurrent.ForkJoinTask.doExec(ForkJoinTask.java:373) ~[?:?]
	at java.util.concurrent.ForkJoinPool$WorkQueue.topLevelExec(ForkJoinPool.java:1182) ~[?:?]
	at java.util.concurrent.ForkJoinPool.scan(ForkJoinPool.java:1655) ~[?:?]
	at java.util.concurrent.ForkJoinPool.runWorker(ForkJoinPool.java:1622) ~[?:?]
	at java.util.concurrent.ForkJoinWorkerThread.run(ForkJoinWorkerThread.java:165) ~[?:?]
Caused by: java.lang.RuntimeException: Attempted to load class net/minecraft/client/Minecraft for invalid dist DEDICATED_SERVER
	at net.minecraftforge.fml.loading.RuntimeDistCleaner.processClassWithFlags(RuntimeDistCleaner.java:57) ~[fmlloader-1.20.1-47.3.7.jar%2369!/:1.0]
	at cpw.mods.modlauncher.LaunchPluginHandler.offerClassNodeToPlugins(LaunchPluginHandler.java:88) ~[modlauncher-10.0.9.jar%2355!/:?]
	at cpw.mods.modlauncher.ClassTransformer.transform(ClassTransformer.java:120) ~[modlauncher-10.0.9.jar%2355!/:?]
	at cpw.mods.modlauncher.TransformingClassLoader.maybeTransformClassBytes(TransformingClassLoader.java:50) ~[modlauncher-10.0.9.jar%2355!/:?]
	at cpw.mods.cl.ModuleClassLoader.readerToClass(ModuleClassLoader.java:113) ~[securejarhandler-2.1.10.jar:?]
	at cpw.mods.cl.ModuleClassLoader.lambda$findClass$15(ModuleClassLoader.java:219) ~[securejarhandler-2.1.10.jar:?]
	at cpw.mods.cl.ModuleClassLoader.loadFromModule(ModuleClassLoader.java:229) ~[securejarhandler-2.1.10.jar:?]
	at cpw.mods.cl.ModuleClassLoader.findClass(ModuleClassLoader.java:219) ~[securejarhandler-2.1.10.jar:?]
	at cpw.mods.cl.ModuleClassLoader.loadClass(ModuleClassLoader.java:135) ~[securejarhandler-2.1.10.jar:?]
	at java.lang.ClassLoader.loadClass(ClassLoader.java:525) ~[?:?]
	at net.tape.timm.TheImmersiveMusicMod.<clinit>(TheImmersiveMusicMod.java:16) ~[timm-1.0.4.jar%23579!/:1.0.4]
	... 14 more
[04Apr2025 21:12:38.714] [modloading-worker-0/ERROR] [org.arbor.extrasounds.ExtraSounds/]: [ExtraSounds] Unexpected error has caught
java.lang.NullPointerException: Cannot invoke "Object.getClass()" because the return value of "java.lang.reflect.Field.get(Object)" is null
	at org.arbor.extrasounds.ExtraSounds.initCategoryLoader(ExtraSounds.java:136) ~[extrasounds-1.20.1-forge-1.3.jar%23440!/:?]
	at org.arbor.extrasounds.ExtraSounds.<init>(ExtraSounds.java:64) ~[extrasounds-1.20.1-forge-1.3.jar%23440!/:?]
	at jdk.internal.reflect.NativeConstructorAccessorImpl.newInstance0(Native Method) ~[?:?]
	at jdk.internal.reflect.NativeConstructorAccessorImpl.newInstance(NativeConstructorAccessorImpl.java:77) ~[?:?]
	at jdk.internal.reflect.DelegatingConstructorAccessorImpl.newInstance(DelegatingConstructorAccessorImpl.java:45) ~[?:?]
	at java.lang.reflect.Constructor.newInstanceWithCaller(Constructor.java:500) ~[?:?]
	at java.lang.reflect.Constructor.newInstance(Constructor.java:481) ~[?:?]
	at net.minecraftforge.fml.javafmlmod.FMLModContainer.constructMod(FMLModContainer.java:70) ~[javafmllanguage-1.20.1-47.3.7.jar%23609!/:?]
	at net.minecraftforge.fml.ModContainer.lambda$buildTransitionHandler$4(ModContainer.java:124) ~[fmlcore-1.20.1-47.3.7.jar%23608!/:?]
	at java.util.concurrent.CompletableFuture$AsyncRun.run(CompletableFuture.java:1804) ~[?:?]
	at java.util.concurrent.CompletableFuture$AsyncRun.exec(CompletableFuture.java:1796) ~[?:?]
	at java.util.concurrent.ForkJoinTask.doExec(ForkJoinTask.java:373) ~[?:?]
	at java.util.concurrent.ForkJoinPool$WorkQueue.topLevelExec(ForkJoinPool.java:1182) ~[?:?]
	at java.util.concurrent.ForkJoinPool.scan(ForkJoinPool.java:1655) ~[?:?]
	at java.util.concurrent.ForkJoinPool.runWorker(ForkJoinPool.java:1622) ~[?:?]
	at java.util.concurrent.ForkJoinWorkerThread.run(ForkJoinWorkerThread.java:165) ~[?:?]
[04Apr2025 21:12:38.731] [modloading-worker-0/WARN] [Visuality/]: Visuality is installed on a dedicated server, skip loading...
[04Apr2025 21:12:38.779] [modloading-worker-0/INFO] [Puzzles Lib/]: Constructing common components for puzzleslib:main
[04Apr2025 21:12:38.812] [modloading-worker-0/ERROR] [net.minecraftforge.fml.loading.RuntimeDistCleaner/DISTXFORM]: Attempted to load class net/minecraft/client/gui/screens/Screen for invalid dist DEDICATED_SERVER
[04Apr2025 21:12:38.813] [modloading-worker-0/ERROR] [net.minecraftforge.fml.javafmlmod.FMLModContainer/LOADING]: Failed to create mod instance. ModID: smoothswapping, class dev.shwg.smoothswapping.forge.SmoothSwappingForge
java.lang.RuntimeException: Attempted to load class net/minecraft/client/gui/screens/Screen for invalid dist DEDICATED_SERVER
	at net.minecraftforge.fml.loading.RuntimeDistCleaner.processClassWithFlags(RuntimeDistCleaner.java:57) ~[fmlloader-1.20.1-47.3.7.jar%2369!/:1.0]
	at cpw.mods.modlauncher.LaunchPluginHandler.offerClassNodeToPlugins(LaunchPluginHandler.java:88) ~[modlauncher-10.0.9.jar%2355!/:?]
	at cpw.mods.modlauncher.ClassTransformer.transform(ClassTransformer.java:120) ~[modlauncher-10.0.9.jar%2355!/:?]
	at cpw.mods.modlauncher.TransformingClassLoader.maybeTransformClassBytes(TransformingClassLoader.java:50) ~[modlauncher-10.0.9.jar%2355!/:?]
	at cpw.mods.cl.ModuleClassLoader.readerToClass(ModuleClassLoader.java:113) ~[securejarhandler-2.1.10.jar:?]
	at cpw.mods.cl.ModuleClassLoader.lambda$findClass$15(ModuleClassLoader.java:219) ~[securejarhandler-2.1.10.jar:?]
	at cpw.mods.cl.ModuleClassLoader.loadFromModule(ModuleClassLoader.java:229) ~[securejarhandler-2.1.10.jar:?]
	at cpw.mods.cl.ModuleClassLoader.findClass(ModuleClassLoader.java:219) ~[securejarhandler-2.1.10.jar:?]
	at cpw.mods.cl.ModuleClassLoader.loadClass(ModuleClassLoader.java:135) ~[securejarhandler-2.1.10.jar:?]
	at java.lang.ClassLoader.loadClass(ClassLoader.java:525) ~[?:?]
	at java.lang.Class.getDeclaredConstructors0(Native Method) ~[?:?]
	at java.lang.Class.privateGetDeclaredConstructors(Class.java:3373) ~[?:?]
	at java.lang.Class.getConstructor0(Class.java:3578) ~[?:?]
	at java.lang.Class.getDeclaredConstructor(Class.java:2754) ~[?:?]
	at net.minecraftforge.fml.javafmlmod.FMLModContainer.constructMod(FMLModContainer.java:70) ~[javafmllanguage-1.20.1-47.3.7.jar%23609!/:?]
	at net.minecraftforge.fml.ModContainer.lambda$buildTransitionHandler$4(ModContainer.java:124) ~[fmlcore-1.20.1-47.3.7.jar%23608!/:?]
	at java.util.concurrent.CompletableFuture$AsyncRun.run(CompletableFuture.java:1804) ~[?:?]
	at java.util.concurrent.CompletableFuture$AsyncRun.exec(CompletableFuture.java:1796) ~[?:?]
	at java.util.concurrent.ForkJoinTask.doExec(ForkJoinTask.java:373) ~[?:?]
	at java.util.concurrent.ForkJoinPool$WorkQueue.topLevelExec(ForkJoinPool.java:1182) ~[?:?]
	at java.util.concurrent.ForkJoinPool.scan(ForkJoinPool.java:1655) ~[?:?]
	at java.util.concurrent.ForkJoinPool.runWorker(ForkJoinPool.java:1622) ~[?:?]
	at java.util.concurrent.ForkJoinWorkerThread.run(ForkJoinWorkerThread.java:165) ~[?:?]
[04Apr2025 21:12:38.982] [modloading-worker-0/ERROR] [net.minecraftforge.fml.loading.RuntimeDistCleaner/DISTXFORM]: Attempted to load class net/minecraft/client/gui/screens/Screen for invalid dist DEDICATED_SERVER
[04Apr2025 21:12:38.982] [modloading-worker-0/ERROR] [net.minecraftforge.fml.javafmlmod.FMLModContainer/LOADING]: Failed to create mod instance. ModID: oculus, class net.irisshaders.iris.Iris
java.lang.RuntimeException: Attempted to load class net/minecraft/client/gui/screens/Screen for invalid dist DEDICATED_SERVER
	at net.minecraftforge.fml.loading.RuntimeDistCleaner.processClassWithFlags(RuntimeDistCleaner.java:57) ~[fmlloader-1.20.1-47.3.7.jar%2369!/:1.0]
	at cpw.mods.modlauncher.LaunchPluginHandler.offerClassNodeToPlugins(LaunchPluginHandler.java:88) ~[modlauncher-10.0.9.jar%2355!/:?]
	at cpw.mods.modlauncher.ClassTransformer.transform(ClassTransformer.java:120) ~[modlauncher-10.0.9.jar%2355!/:?]
	at cpw.mods.modlauncher.TransformingClassLoader.maybeTransformClassBytes(TransformingClassLoader.java:50) ~[modlauncher-10.0.9.jar%2355!/:?]
	at cpw.mods.cl.ModuleClassLoader.readerToClass(ModuleClassLoader.java:113) ~[securejarhandler-2.1.10.jar:?]
	at cpw.mods.cl.ModuleClassLoader.lambda$findClass$15(ModuleClassLoader.java:219) ~[securejarhandler-2.1.10.jar:?]
	at cpw.mods.cl.ModuleClassLoader.loadFromModule(ModuleClassLoader.java:229) ~[securejarhandler-2.1.10.jar:?]
	at cpw.mods.cl.ModuleClassLoader.findClass(ModuleClassLoader.java:219) ~[securejarhandler-2.1.10.jar:?]
	at cpw.mods.cl.ModuleClassLoader.loadClass(ModuleClassLoader.java:135) ~[securejarhandler-2.1.10.jar:?]
	at java.lang.ClassLoader.loadClass(ClassLoader.java:525) ~[?:?]
	at java.lang.Class.getDeclaredConstructors0(Native Method) ~[?:?]
	at java.lang.Class.privateGetDeclaredConstructors(Class.java:3373) ~[?:?]
	at java.lang.Class.getConstructor0(Class.java:3578) ~[?:?]
	at java.lang.Class.getDeclaredConstructor(Class.java:2754) ~[?:?]
	at net.minecraftforge.fml.javafmlmod.FMLModContainer.constructMod(FMLModContainer.java:70) ~[javafmllanguage-1.20.1-47.3.7.jar%23609!/:?]
	at net.minecraftforge.fml.ModContainer.lambda$buildTransitionHandler$4(ModContainer.java:124) ~[fmlcore-1.20.1-47.3.7.jar%23608!/:?]
	at java.util.concurrent.CompletableFuture$AsyncRun.run(CompletableFuture.java:1804) ~[?:?]
	at java.util.concurrent.CompletableFuture$AsyncRun.exec(CompletableFuture.java:1796) ~[?:?]
	at java.util.concurrent.ForkJoinTask.doExec(ForkJoinTask.java:373) ~[?:?]
	at java.util.concurrent.ForkJoinPool$WorkQueue.topLevelExec(ForkJoinPool.java:1182) ~[?:?]
	at java.util.concurrent.ForkJoinPool.scan(ForkJoinPool.java:1655) ~[?:?]
	at java.util.concurrent.ForkJoinPool.runWorker(ForkJoinPool.java:1622) ~[?:?]
	at java.util.concurrent.ForkJoinWorkerThread.run(ForkJoinWorkerThread.java:165) ~[?:?]
[04Apr2025 21:12:39.027] [modloading-worker-0/INFO] [ModernFix/]: Bypassed Mojang DFU
[04Apr2025 21:12:39.027] [modloading-worker-0/INFO] [ModernFix/]: Instantiating Mojang DFU
[04Apr2025 21:12:39.458] [Modding Legacy/blue_skies/Supporters thread/INFO] [ModdingLegacy/blue_skies/Supporter/]: Attempting to load the Modding Legacy supporters list from https://moddinglegacy.com/supporters-changelogs/supporters.txt
[04Apr2025 21:12:39.649] [Modding Legacy/blue_skies/Supporters thread/INFO] [ModdingLegacy/blue_skies/Supporter/]: Successfully loaded the Modding Legacy supporters list.
[04Apr2025 21:12:40.329] [modloading-worker-0/INFO] [Bookshelf/]: Fixing MC-151457. Crafting remainder for minecraft:pufferfish_bucket is now minecraft:bucket.
[04Apr2025 21:12:40.335] [modloading-worker-0/INFO] [Bookshelf/]: Fixing MC-151457. Crafting remainder for minecraft:salmon_bucket is now minecraft:bucket.
[04Apr2025 21:12:40.335] [modloading-worker-0/INFO] [Bookshelf/]: Fixing MC-151457. Crafting remainder for minecraft:cod_bucket is now minecraft:bucket.
[04Apr2025 21:12:40.336] [modloading-worker-0/INFO] [Bookshelf/]: Fixing MC-151457. Crafting remainder for minecraft:tropical_fish_bucket is now minecraft:bucket.
[04Apr2025 21:12:40.336] [modloading-worker-0/INFO] [Bookshelf/]: Fixing MC-151457. Crafting remainder for minecraft:axolotl_bucket is now minecraft:bucket.
[04Apr2025 21:12:40.337] [modloading-worker-0/INFO] [Bookshelf/]: Fixing MC-151457. Crafting remainder for minecraft:powder_snow_bucket is now minecraft:bucket.
[04Apr2025 21:12:40.337] [modloading-worker-0/INFO] [Bookshelf/]: Fixing MC-151457. Crafting remainder for minecraft:tadpole_bucket is now minecraft:bucket.
[04Apr2025 21:12:40.517] [modloading-worker-0/INFO] [de.keksuccino.melody.Melody/]: [MELODY] Disabling Melody since it's loaded server-side.
[04Apr2025 21:12:40.628] [modloading-worker-0/INFO] [de.keksuccino.konkrete.Konkrete/]: [KONKRETE] Successfully initialized!
[04Apr2025 21:12:40.628] [modloading-worker-0/INFO] [de.keksuccino.konkrete.Konkrete/]: [KONKRETE] Server-side libs ready to use!
[04Apr2025 21:12:40.771] [modloading-worker-0/INFO] [dev.buildtool.trajectory.preview.TrajectoryPreview/]: Loaded and prepared 1 plugin(s)
[04Apr2025 21:12:40.801] [modloading-worker-0/WARN] [fzzy_config/]: >>>>>>>>>>>>>>>
[04Apr2025 21:12:40.801] [modloading-worker-0/WARN] [fzzy_config/]: Errors found while deserializing Config me.fzzyhmstrs.particle_core.PcConfigImpl!
[04Apr2025 21:12:40.802] [modloading-worker-0/WARN] [fzzy_config/]: >>>>>>>>>>>>>>>
[04Apr2025 21:12:40.802] [modloading-worker-0/WARN] [fzzy_config/]: Critical error encountered while deserializing
[04Apr2025 21:12:40.803] [modloading-worker-0/WARN] [fzzy_config/]: >>>>>>>>>>>>>>>
[04Apr2025 21:12:40.851] [modloading-worker-0/ERROR] [fzzy_config/]: >>>>>>>>>>>>>>>
[04Apr2025 21:12:40.853] [modloading-worker-0/ERROR] [fzzy_config/]: Critical error(s) encountered while re-serializing corrected Config Class! Output may not be complete.
[04Apr2025 21:12:40.854] [modloading-worker-0/ERROR] [fzzy_config/]: >>>>>>>>>>>>>>>
[04Apr2025 21:12:40.854] [modloading-worker-0/ERROR] [fzzy_config/]: Critical error encountered while serializing config!: net/minecraft/client/ParticleStatus
[04Apr2025 21:12:40.854] [modloading-worker-0/ERROR] [fzzy_config/]: >>>>>>>>>>>>>>>
[04Apr2025 21:12:40.855] [modloading-worker-0/INFO] [fzzy_config/]: Loaded config :particle_core_config in 202ms
[04Apr2025 21:12:41.048] [modloading-worker-0/INFO] [Collective/]: Loading Collective version 7.87.
[04Apr2025 21:12:41.192] [modloading-worker-0/INFO] [dev.architectury.networking.forge.NetworkManagerImpl/]: Registering C2S receiver with id architectury:sync_ids
[04Apr2025 21:12:41.269] [modloading-worker-0/INFO] [dev.architectury.networking.forge.NetworkManagerImpl/]: Registering C2S receiver with id ftblibrary:edit_nbt_response
[04Apr2025 21:12:41.305] [modloading-worker-0/INFO] [dev.architectury.networking.forge.NetworkManagerImpl/]: Registering C2S receiver with id ftbteams:open_gui
[04Apr2025 21:12:41.307] [modloading-worker-0/INFO] [dev.architectury.networking.forge.NetworkManagerImpl/]: Registering C2S receiver with id ftbteams:update_settings
[04Apr2025 21:12:41.309] [modloading-worker-0/INFO] [dev.architectury.networking.forge.NetworkManagerImpl/]: Registering C2S receiver with id ftbteams:send_message
[04Apr2025 21:12:41.313] [modloading-worker-0/INFO] [dev.architectury.networking.forge.NetworkManagerImpl/]: Registering C2S receiver with id ftbteams:create_party
[04Apr2025 21:12:41.315] [modloading-worker-0/INFO] [dev.architectury.networking.forge.NetworkManagerImpl/]: Registering C2S receiver with id ftbteams:player_gui_operation
[04Apr2025 21:12:41.379] [modloading-worker-0/INFO] [com.cupboard.Cupboard/]: Loaded config for: cupboard.json
[04Apr2025 21:12:41.461] [modloading-worker-0/INFO] [dev.architectury.networking.forge.NetworkManagerImpl/]: Registering C2S receiver with id ftbquests:submit_task
[04Apr2025 21:12:41.466] [modloading-worker-0/INFO] [dev.architectury.networking.forge.NetworkManagerImpl/]: Registering C2S receiver with id ftbquests:claim_reward
[04Apr2025 21:12:41.469] [modloading-worker-0/INFO] [dev.architectury.networking.forge.NetworkManagerImpl/]: Registering C2S receiver with id ftbquests:get_emergency_items
[04Apr2025 21:12:41.470] [modloading-worker-0/INFO] [dev.architectury.networking.forge.NetworkManagerImpl/]: Registering C2S receiver with id ftbquests:claim_all_rewards
[04Apr2025 21:12:41.471] [modloading-worker-0/INFO] [dev.architectury.networking.forge.NetworkManagerImpl/]: Registering C2S receiver with id ftbquests:claim_choice_reward
[04Apr2025 21:12:41.475] [modloading-worker-0/INFO] [dev.architectury.networking.forge.NetworkManagerImpl/]: Registering C2S receiver with id ftbquests:toggle_pinned
[04Apr2025 21:12:41.476] [modloading-worker-0/INFO] [dev.architectury.networking.forge.NetworkManagerImpl/]: Registering C2S receiver with id ftbquests:toggle_chapter_pinned
[04Apr2025 21:12:41.480] [modloading-worker-0/INFO] [dev.architectury.networking.forge.NetworkManagerImpl/]: Registering C2S receiver with id ftbquests:toggle_editing_mode
[04Apr2025 21:12:41.481] [modloading-worker-0/INFO] [dev.architectury.networking.forge.NetworkManagerImpl/]: Registering C2S receiver with id ftbquests:force_save
[04Apr2025 21:12:41.482] [modloading-worker-0/INFO] [dev.architectury.networking.forge.NetworkManagerImpl/]: Registering C2S receiver with id ftbquests:set_custom_image
[04Apr2025 21:12:41.492] [modloading-worker-0/INFO] [dev.architectury.networking.forge.NetworkManagerImpl/]: Registering C2S receiver with id ftbquests:task_screen_config_resp
[04Apr2025 21:12:41.493] [modloading-worker-0/INFO] [dev.architectury.networking.forge.NetworkManagerImpl/]: Registering C2S receiver with id ftbquests:change_progress
[04Apr2025 21:12:41.494] [modloading-worker-0/INFO] [dev.architectury.networking.forge.NetworkManagerImpl/]: Registering C2S receiver with id ftbquests:create_object
[04Apr2025 21:12:41.495] [modloading-worker-0/INFO] [dev.architectury.networking.forge.NetworkManagerImpl/]: Registering C2S receiver with id ftbquests:create_task_at
[04Apr2025 21:12:41.499] [modloading-worker-0/INFO] [dev.architectury.networking.forge.NetworkManagerImpl/]: Registering C2S receiver with id ftbquests:delete_object
[04Apr2025 21:12:41.500] [modloading-worker-0/INFO] [dev.architectury.networking.forge.NetworkManagerImpl/]: Registering C2S receiver with id ftbquests:edit_object
[04Apr2025 21:12:41.501] [modloading-worker-0/INFO] [dev.architectury.networking.forge.NetworkManagerImpl/]: Registering C2S receiver with id ftbquests:move_chapter
[04Apr2025 21:12:41.505] [modloading-worker-0/INFO] [dev.architectury.networking.forge.NetworkManagerImpl/]: Registering C2S receiver with id ftbquests:move_quest
[04Apr2025 21:12:41.507] [modloading-worker-0/INFO] [dev.architectury.networking.forge.NetworkManagerImpl/]: Registering C2S receiver with id ftbquests:change_chapter_group
[04Apr2025 21:12:41.512] [modloading-worker-0/INFO] [dev.architectury.networking.forge.NetworkManagerImpl/]: Registering C2S receiver with id ftbquests:move_chapter_group
[04Apr2025 21:12:41.515] [modloading-worker-0/INFO] [dev.architectury.networking.forge.NetworkManagerImpl/]: Registering C2S receiver with id ftbquests:copy_quest
[04Apr2025 21:12:41.519] [modloading-worker-0/INFO] [dev.architectury.networking.forge.NetworkManagerImpl/]: Registering C2S receiver with id ftbquests:copy_chapter_image
[04Apr2025 21:12:41.522] [modloading-worker-0/INFO] [dev.architectury.networking.forge.NetworkManagerImpl/]: Registering C2S receiver with id ftbquests:sync_structures_request
[04Apr2025 21:12:41.525] [modloading-worker-0/INFO] [dev.architectury.networking.forge.NetworkManagerImpl/]: Registering C2S receiver with id ftbquests:request_team_data
[04Apr2025 21:12:42.024] [modloading-worker-0/INFO] [net.potionstudios.biomeswevegone.BiomesWeveGone/]: Registering Oh The Biomes We've Gone items
[04Apr2025 21:12:42.101] [modloading-worker-0/INFO] [ping-wheel/]: [Ping-Wheel] Init
[04Apr2025 21:12:42.126] [modloading-worker-0/INFO] [ping-wheel/]: [Ping-Wheel] Loaded ServerConfig(defaultChannelMode=auto, playerTrackingEnabled=true, msToRegenerate=1000, rateLimit=5)
[04Apr2025 21:12:42.148] [modloading-worker-0/ERROR] [net.minecraftforge.eventbus.EventSubclassTransformer/EVENTBUS]: Could not find parent net/minecraft/client/renderer/entity/layers/RenderLayer for class com/obscuria/obscureapi/client/renderer/PatreonLayer in classloader cpw.mods.modlauncher.TransformingClassLoader@2619cb76 on thread Thread[modloading-worker-0,5,main]
[04Apr2025 21:12:42.152] [modloading-worker-0/ERROR] [net.minecraftforge.eventbus.EventSubclassTransformer/EVENTBUS]: An error occurred building event handler
java.lang.ClassNotFoundException: net.minecraft.client.renderer.entity.layers.RenderLayer
	at cpw.mods.cl.ModuleClassLoader.loadClass(ModuleClassLoader.java:141) ~[securejarhandler-2.1.10.jar:?]
	at java.lang.ClassLoader.loadClass(ClassLoader.java:525) ~[?:?]
	at net.minecraftforge.eventbus.EventSubclassTransformer.buildEvents(EventSubclassTransformer.java:97) ~[eventbus-6.0.5.jar%2352!/:?]
	at net.minecraftforge.eventbus.EventSubclassTransformer.transform(EventSubclassTransformer.java:48) ~[eventbus-6.0.5.jar%2352!/:?]
	at net.minecraftforge.eventbus.EventBusEngine.processClass(EventBusEngine.java:26) ~[eventbus-6.0.5.jar%2352!/:?]
	at net.minecraftforge.eventbus.service.ModLauncherService.processClassWithFlags(ModLauncherService.java:32) ~[eventbus-6.0.5.jar%2352!/:6.0.5+6.0.5+master.eb8e549b]
	at cpw.mods.modlauncher.LaunchPluginHandler.offerClassNodeToPlugins(LaunchPluginHandler.java:88) ~[modlauncher-10.0.9.jar%2355!/:?]
	at cpw.mods.modlauncher.ClassTransformer.transform(ClassTransformer.java:120) ~[modlauncher-10.0.9.jar%2355!/:?]
	at cpw.mods.modlauncher.TransformingClassLoader.maybeTransformClassBytes(TransformingClassLoader.java:50) ~[modlauncher-10.0.9.jar%2355!/:?]
	at cpw.mods.cl.ModuleClassLoader.readerToClass(ModuleClassLoader.java:113) ~[securejarhandler-2.1.10.jar:?]
	at cpw.mods.cl.ModuleClassLoader.lambda$findClass$15(ModuleClassLoader.java:219) ~[securejarhandler-2.1.10.jar:?]
	at cpw.mods.cl.ModuleClassLoader.loadFromModule(ModuleClassLoader.java:229) ~[securejarhandler-2.1.10.jar:?]
	at cpw.mods.cl.ModuleClassLoader.findClass(ModuleClassLoader.java:219) ~[securejarhandler-2.1.10.jar:?]
	at cpw.mods.cl.ModuleClassLoader.loadClass(ModuleClassLoader.java:135) ~[securejarhandler-2.1.10.jar:?]
	at java.lang.ClassLoader.loadClass(ClassLoader.java:525) ~[?:?]
	at java.lang.ClassLoader.defineClass0(Native Method) ~[?:?]
	at java.lang.System$2.defineClass(System.java:2324) ~[?:?]
	at java.lang.invoke.MethodHandles$Lookup$ClassDefiner.defineClass(MethodHandles.java:2439) ~[?:?]
	at java.lang.invoke.MethodHandles$Lookup$ClassDefiner.defineClassAsLookup(MethodHandles.java:2420) ~[?:?]
	at java.lang.invoke.MethodHandles$Lookup.defineHiddenClass(MethodHandles.java:2127) ~[?:?]
	at java.lang.invoke.InnerClassLambdaMetafactory.generateInnerClass(InnerClassLambdaMetafactory.java:407) ~[?:?]
	at java.lang.invoke.InnerClassLambdaMetafactory.spinInnerClass(InnerClassLambdaMetafactory.java:315) ~[?:?]
	at java.lang.invoke.InnerClassLambdaMetafactory.buildCallSite(InnerClassLambdaMetafactory.java:228) ~[?:?]
	at java.lang.invoke.LambdaMetafactory.metafactory(LambdaMetafactory.java:341) ~[?:?]
	at java.lang.invoke.BootstrapMethodInvoker.invoke(BootstrapMethodInvoker.java:134) ~[?:?]
	at java.lang.invoke.CallSite.makeSite(CallSite.java:315) ~[?:?]
	at java.lang.invoke.MethodHandleNatives.linkCallSiteImpl(MethodHandleNatives.java:281) ~[?:?]
	at java.lang.invoke.MethodHandleNatives.linkCallSite(MethodHandleNatives.java:271) ~[?:?]
	at com.obscuria.obscureapi.client.renderer.PatreonLayer$Mode.<clinit>(PatreonLayer.java:55) ~[obscure_api-15.jar%23526!/:com.obscuria]
	at com.obscuria.obscureapi.ObscureAPIConfig$Client.<clinit>(ObscureAPIConfig.java:28) ~[obscure_api-15.jar%23526!/:com.obscuria]
	at com.obscuria.obscureapi.ObscureAPIConfig.register(ObscureAPIConfig.java:46) ~[obscure_api-15.jar%23526!/:com.obscuria]
	at com.obscuria.obscureapi.ObscureAPI.<init>(ObscureAPI.java:69) ~[obscure_api-15.jar%23526!/:com.obscuria]
	at jdk.internal.reflect.NativeConstructorAccessorImpl.newInstance0(Native Method) ~[?:?]
	at jdk.internal.reflect.NativeConstructorAccessorImpl.newInstance(NativeConstructorAccessorImpl.java:77) ~[?:?]
	at jdk.internal.reflect.DelegatingConstructorAccessorImpl.newInstance(DelegatingConstructorAccessorImpl.java:45) ~[?:?]
	at java.lang.reflect.Constructor.newInstanceWithCaller(Constructor.java:500) ~[?:?]
	at java.lang.reflect.Constructor.newInstance(Constructor.java:481) ~[?:?]
	at net.minecraftforge.fml.javafmlmod.FMLModContainer.constructMod(FMLModContainer.java:70) ~[javafmllanguage-1.20.1-47.3.7.jar%23609!/:?]
	at net.minecraftforge.fml.ModContainer.lambda$buildTransitionHandler$4(ModContainer.java:124) ~[fmlcore-1.20.1-47.3.7.jar%23608!/:?]
	at java.util.concurrent.CompletableFuture$AsyncRun.run(CompletableFuture.java:1804) ~[?:?]
	at java.util.concurrent.CompletableFuture$AsyncRun.exec(CompletableFuture.java:1796) ~[?:?]
	at java.util.concurrent.ForkJoinTask.doExec(ForkJoinTask.java:373) ~[?:?]
	at java.util.concurrent.ForkJoinPool$WorkQueue.topLevelExec(ForkJoinPool.java:1182) ~[?:?]
	at java.util.concurrent.ForkJoinPool.scan(ForkJoinPool.java:1655) ~[?:?]
	at java.util.concurrent.ForkJoinPool.runWorker(ForkJoinPool.java:1622) ~[?:?]
	at java.util.concurrent.ForkJoinWorkerThread.run(ForkJoinWorkerThread.java:165) ~[?:?]
[04Apr2025 21:12:42.156] [modloading-worker-0/ERROR] [net.minecraftforge.fml.loading.RuntimeDistCleaner/DISTXFORM]: Attempted to load class com/obscuria/obscureapi/client/renderer/PatreonLayer for invalid dist DEDICATED_SERVER
[04Apr2025 21:12:42.178] [modloading-worker-0/INFO] [net.potionstudios.biomeswevegone.BiomesWeveGone/]: Registering Oh The Biomes We've Gone Blocks
[04Apr2025 21:12:42.280] [modloading-worker-0/INFO] [net.potionstudios.biomeswevegone.BiomesWeveGone/]: Registering Oh The Biomes We've Gone Wood
[04Apr2025 21:12:42.284] [modloading-worker-0/INFO] [net.potionstudios.biomeswevegone.BiomesWeveGone/]: Registering Oh The Biomes We've Gone Block Entities
[04Apr2025 21:12:42.285] [modloading-worker-0/INFO] [net.potionstudios.biomeswevegone.BiomesWeveGone/]: Registering Oh The Biomes We've Gone Entities
[04Apr2025 21:12:42.286] [modloading-worker-0/INFO] [net.potionstudios.biomeswevegone.BiomesWeveGone/]: Registering Oh The Biomes We've Gone Creative Tabs
[04Apr2025 21:12:42.288] [modloading-worker-0/INFO] [net.potionstudios.biomeswevegone.BiomesWeveGone/]: Registering Oh The Biomes We've Gone Sounds
[04Apr2025 21:12:42.289] [modloading-worker-0/INFO] [net.potionstudios.biomeswevegone.BiomesWeveGone/]: Registering Oh The Biomes We've Gone Block Predicate
[04Apr2025 21:12:42.301] [modloading-worker-0/INFO] [net.potionstudios.biomeswevegone.BiomesWeveGone/]: Registering Oh The Biomes We've Gone State Providers
[04Apr2025 21:12:42.306] [modloading-worker-0/INFO] [net.potionstudios.biomeswevegone.BiomesWeveGone/]: Registering Oh The Biomes We've Gone Tree Decorators
[04Apr2025 21:12:42.324] [modloading-worker-0/INFO] [net.potionstudios.biomeswevegone.BiomesWeveGone/]: Registering Oh The Biomes We've Gone Custom Features
[04Apr2025 21:12:42.325] [modloading-worker-0/INFO] [net.potionstudios.biomeswevegone.BiomesWeveGone/]: Registering Oh The Biomes We've Gone Structure Pieces
[04Apr2025 21:12:42.329] [modloading-worker-0/INFO] [net.potionstudios.biomeswevegone.BiomesWeveGone/]: Registering Oh The Biomes We've Gone Custom Structure Types
[04Apr2025 21:12:42.333] [modloading-worker-0/INFO] [net.potionstudios.biomeswevegone.BiomesWeveGone/]: Registering Oh The Biomes We've Gone Configured Features
[04Apr2025 21:12:42.358] [modloading-worker-0/INFO] [net.potionstudios.biomeswevegone.BiomesWeveGone/]: Creating and Registering Overworld Vegetation Configured Features
[04Apr2025 21:12:42.510] [modloading-worker-0/ERROR] [net.minecraftforge.fml.loading.RuntimeDistCleaner/DISTXFORM]: Attempted to load class net/minecraft/client/Minecraft for invalid dist DEDICATED_SERVER
[04Apr2025 21:12:42.510] [modloading-worker-0/ERROR] [net.minecraftforge.fml.javafmlmod.FMLModContainer/LOADING]: Failed to create mod instance. ModID: make_bubbles_pop, class net.tschipcraft.make_bubbles_pop.MakeBubblesPop
java.lang.RuntimeException: Attempted to load class net/minecraft/client/Minecraft for invalid dist DEDICATED_SERVER
	at net.minecraftforge.fml.loading.RuntimeDistCleaner.processClassWithFlags(RuntimeDistCleaner.java:57) ~[fmlloader-1.20.1-47.3.7.jar%2369!/:1.0]
	at cpw.mods.modlauncher.LaunchPluginHandler.offerClassNodeToPlugins(LaunchPluginHandler.java:88) ~[modlauncher-10.0.9.jar%2355!/:?]
	at cpw.mods.modlauncher.ClassTransformer.transform(ClassTransformer.java:120) ~[modlauncher-10.0.9.jar%2355!/:?]
	at cpw.mods.modlauncher.TransformingClassLoader.maybeTransformClassBytes(TransformingClassLoader.java:50) ~[modlauncher-10.0.9.jar%2355!/:?]
	at cpw.mods.cl.ModuleClassLoader.readerToClass(ModuleClassLoader.java:113) ~[securejarhandler-2.1.10.jar:?]
	at cpw.mods.cl.ModuleClassLoader.lambda$findClass$15(ModuleClassLoader.java:219) ~[securejarhandler-2.1.10.jar:?]
	at cpw.mods.cl.ModuleClassLoader.loadFromModule(ModuleClassLoader.java:229) ~[securejarhandler-2.1.10.jar:?]
	at cpw.mods.cl.ModuleClassLoader.findClass(ModuleClassLoader.java:219) ~[securejarhandler-2.1.10.jar:?]
	at cpw.mods.cl.ModuleClassLoader.loadClass(ModuleClassLoader.java:135) ~[securejarhandler-2.1.10.jar:?]
	at java.lang.ClassLoader.loadClass(ClassLoader.java:525) ~[?:?]
	at java.lang.Class.getDeclaredMethods0(Native Method) ~[?:?]
	at java.lang.Class.privateGetDeclaredMethods(Class.java:3402) ~[?:?]
	at java.lang.Class.getDeclaredMethod(Class.java:2673) ~[?:?]
	at net.minecraftforge.eventbus.EventBus.getDeclMethod(EventBus.java:91) ~[eventbus-6.0.5.jar%2352!/:?]
	at net.minecraftforge.eventbus.EventBus.lambda$registerObject$4(EventBus.java:103) ~[eventbus-6.0.5.jar%2352!/:?]
	at java.util.stream.ReferencePipeline$3$1.accept(ReferencePipeline.java:197) ~[?:?]
	at java.util.HashMap$KeySpliterator.tryAdvance(HashMap.java:1728) ~[?:?]
	at java.util.stream.ReferencePipeline.forEachWithCancel(ReferencePipeline.java:129) ~[?:?]
	at java.util.stream.AbstractPipeline.copyIntoWithCancel(AbstractPipeline.java:527) ~[?:?]
	at java.util.stream.AbstractPipeline.copyInto(AbstractPipeline.java:513) ~[?:?]
	at java.util.stream.AbstractPipeline.wrapAndCopyInto(AbstractPipeline.java:499) ~[?:?]
	at java.util.stream.FindOps$FindOp.evaluateSequential(FindOps.java:150) ~[?:?]
	at java.util.stream.AbstractPipeline.evaluate(AbstractPipeline.java:234) ~[?:?]
	at java.util.stream.ReferencePipeline.findFirst(ReferencePipeline.java:647) ~[?:?]
	at net.minecraftforge.eventbus.EventBus.lambda$registerObject$7(EventBus.java:105) ~[eventbus-6.0.5.jar%2352!/:?]
	at java.util.stream.ForEachOps$ForEachOp$OfRef.accept(ForEachOps.java:183) ~[?:?]
	at java.util.stream.ReferencePipeline$2$1.accept(ReferencePipeline.java:179) ~[?:?]
	at java.util.Spliterators$ArraySpliterator.forEachRemaining(Spliterators.java:992) ~[?:?]
	at java.util.stream.AbstractPipeline.copyInto(AbstractPipeline.java:509) ~[?:?]
	at java.util.stream.AbstractPipeline.wrapAndCopyInto(AbstractPipeline.java:499) ~[?:?]
	at java.util.stream.ForEachOps$ForEachOp.evaluateSequential(ForEachOps.java:150) ~[?:?]
	at java.util.stream.ForEachOps$ForEachOp$OfRef.evaluateSequential(ForEachOps.java:173) ~[?:?]
	at java.util.stream.AbstractPipeline.evaluate(AbstractPipeline.java:234) ~[?:?]
	at java.util.stream.ReferencePipeline.forEach(ReferencePipeline.java:596) ~[?:?]
	at net.minecraftforge.eventbus.EventBus.registerObject(EventBus.java:102) ~[eventbus-6.0.5.jar%2352!/:?]
	at net.minecraftforge.eventbus.EventBus.register(EventBus.java:128) ~[eventbus-6.0.5.jar%2352!/:?]
	at net.tschipcraft.make_bubbles_pop.MakeBubblesPop.<init>(MakeBubblesPop.java:33) ~[make_bubbles_pop-0.3.0-forge-mc1.19.4-1.20.4.jar%23508!/:0.3.0]
	at jdk.internal.reflect.NativeConstructorAccessorImpl.newInstance0(Native Method) ~[?:?]
	at jdk.internal.reflect.NativeConstructorAccessorImpl.newInstance(NativeConstructorAccessorImpl.java:77) ~[?:?]
	at jdk.internal.reflect.DelegatingConstructorAccessorImpl.newInstance(DelegatingConstructorAccessorImpl.java:45) ~[?:?]
	at java.lang.reflect.Constructor.newInstanceWithCaller(Constructor.java:500) ~[?:?]
	at java.lang.reflect.Constructor.newInstance(Constructor.java:481) ~[?:?]
	at net.minecraftforge.fml.javafmlmod.FMLModContainer.constructMod(FMLModContainer.java:70) ~[javafmllanguage-1.20.1-47.3.7.jar%23609!/:?]
	at net.minecraftforge.fml.ModContainer.lambda$buildTransitionHandler$4(ModContainer.java:124) ~[fmlcore-1.20.1-47.3.7.jar%23608!/:?]
	at java.util.concurrent.CompletableFuture$AsyncRun.run(CompletableFuture.java:1804) ~[?:?]
	at java.util.concurrent.CompletableFuture$AsyncRun.exec(CompletableFuture.java:1796) ~[?:?]
	at java.util.concurrent.ForkJoinTask.doExec(ForkJoinTask.java:373) ~[?:?]
	at java.util.concurrent.ForkJoinPool$WorkQueue.topLevelExec(ForkJoinPool.java:1182) ~[?:?]
	at java.util.concurrent.ForkJoinPool.scan(ForkJoinPool.java:1655) ~[?:?]
	at java.util.concurrent.ForkJoinPool.runWorker(ForkJoinPool.java:1622) ~[?:?]
	at java.util.concurrent.ForkJoinWorkerThread.run(ForkJoinWorkerThread.java:165) ~[?:?]
[04Apr2025 21:12:42.512] [modloading-worker-0/INFO] [net.potionstudios.biomeswevegone.BiomesWeveGone/]: Registering Oh The Biomes We've Gone Tree Configured Features
[04Apr2025 21:12:42.519] [modloading-worker-0/INFO] [net.potionstudios.biomeswevegone.BiomesWeveGone/]: Creating and Registering Vanilla Configured Features
[04Apr2025 21:12:42.529] [modloading-worker-0/INFO] [net.potionstudios.biomeswevegone.BiomesWeveGone/]: Registering Oh The Biomes You'll Go Overworld Configured Features
[04Apr2025 21:12:42.540] [modloading-worker-0/INFO] [net.potionstudios.biomeswevegone.BiomesWeveGone/]: Registering Oh The Biomes We've Gone Placed Features
[04Apr2025 21:12:42.565] [modloading-worker-0/INFO] [net.potionstudios.biomeswevegone.BiomesWeveGone/]: Creating and Registering Overworld Tree Placed Features
[04Apr2025 21:12:42.585] [modloading-worker-0/INFO] [net.potionstudios.biomeswevegone.BiomesWeveGone/]: Creating and Registering Overworld Vegetation Placed Features
[04Apr2025 21:12:42.587] [modloading-worker-0/INFO] [net.potionstudios.biomeswevegone.BiomesWeveGone/]: Creating and Registering Vanilla Placed Features
[04Apr2025 21:12:42.595] [modloading-worker-0/INFO] [net.potionstudios.biomeswevegone.BiomesWeveGone/]: Registering Oh The Biomes We've Gone Custom Surface Rules
[04Apr2025 21:12:42.617] [modloading-worker-0/INFO] [net.potionstudios.biomeswevegone.BiomesWeveGone/]: Registering Oh The Biomes We've Gone Template Pools
[04Apr2025 21:12:42.645] [modloading-worker-0/INFO] [net.potionstudios.biomeswevegone.BiomesWeveGone/]: Registering Oh The Biome's We've Gone Village Template Pools
[04Apr2025 21:12:42.650] [modloading-worker-0/INFO] [net.potionstudios.biomeswevegone.BiomesWeveGone/]: Registering Oh The Biomes We've Gone Poi Types
[04Apr2025 21:12:42.650] [modloading-worker-0/INFO] [net.potionstudios.biomeswevegone.BiomesWeveGone/]: Registering Oh The Biomes We've Gone Villager Professions
[04Apr2025 21:12:42.654] [modloading-worker-0/INFO] [net.potionstudios.biomeswevegone.BiomesWeveGone/]: Registering Oh The Biomes We've Gone Custom Structure Processors
[04Apr2025 21:12:42.740] [modloading-worker-0/INFO] [com.cstav.genshinstrument.sound.registrar.NoteSoundRegistrar/]: Successfully registered 21 note sounds of genshinstrument:windsong_lyre
[04Apr2025 21:12:42.741] [modloading-worker-0/INFO] [com.cstav.genshinstrument.sound.registrar.NoteSoundRegistrar/]: Successfully registered 21 note sounds of genshinstrument:vintage_lyre
[04Apr2025 21:12:42.742] [modloading-worker-0/INFO] [com.cstav.genshinstrument.sound.registrar.NoteSoundRegistrar/]: Successfully registered 21 note sounds of genshinstrument:floral_zither_new
[04Apr2025 21:12:42.742] [modloading-worker-0/INFO] [com.cstav.genshinstrument.sound.registrar.NoteSoundRegistrar/]: Successfully registered 21 note sounds of genshinstrument:floral_zither_old
[04Apr2025 21:12:42.747] [modloading-worker-0/INFO] [com.cstav.genshinstrument.sound.registrar.NoteSoundRegistrar/]: Successfully registered 2 note sounds of genshinstrument:glorious_drum
[04Apr2025 21:12:42.754] [modloading-worker-0/INFO] [com.cstav.genshinstrument.sound.registrar.NoteSoundRegistrar/]: Successfully registered 14 note sounds of genshinstrument:nightwind_horn_hold
[04Apr2025 21:12:42.757] [modloading-worker-0/INFO] [com.cstav.genshinstrument.sound.registrar.NoteSoundRegistrar/]: Successfully registered 14 note sounds of genshinstrument:nightwind_horn_attack
[04Apr2025 21:12:42.758] [modloading-worker-0/INFO] [com.cstav.genshinstrument.sound.registrar.HeldNoteSoundRegistrar/]: Successfully loaded 14 (x2, 28 total) held note sounds for genshinstrument:nightwind_horn
[04Apr2025 21:12:42.765] [modloading-worker-0/INFO] [com.cstav.genshinstrument.sound.registrar.NoteSoundRegistrar/]: Successfully registered 23 note sounds of evenmoreinstruments:note_block_instrument
[04Apr2025 21:12:42.766] [modloading-worker-0/INFO] [com.cstav.genshinstrument.sound.registrar.NoteSoundRegistrar/]: Successfully registered 21 note sounds of evenmoreinstruments:keyboard
[04Apr2025 21:12:42.766] [modloading-worker-0/INFO] [com.cstav.genshinstrument.sound.registrar.NoteSoundRegistrar/]: Successfully registered 21 note sounds of evenmoreinstruments:violin_full
[04Apr2025 21:12:42.767] [modloading-worker-0/INFO] [com.cstav.genshinstrument.sound.registrar.NoteSoundRegistrar/]: Successfully registered 21 note sounds of evenmoreinstruments:violin_half
[04Apr2025 21:12:42.768] [modloading-worker-0/INFO] [com.cstav.genshinstrument.sound.registrar.NoteSoundRegistrar/]: Successfully registered 21 note sounds of evenmoreinstruments:trombone
[04Apr2025 21:12:42.768] [modloading-worker-0/INFO] [com.cstav.genshinstrument.sound.registrar.NoteSoundRegistrar/]: Successfully registered 21 note sounds of evenmoreinstruments:saxophone
[04Apr2025 21:12:42.770] [modloading-worker-0/INFO] [com.cstav.genshinstrument.sound.registrar.NoteSoundRegistrar/]: Successfully registered 21 note sounds of evenmoreinstruments:guitar
[04Apr2025 21:12:42.772] [modloading-worker-0/INFO] [com.cstav.genshinstrument.sound.registrar.NoteSoundRegistrar/]: Successfully registered 21 note sounds of evenmoreinstruments:shamisen
[04Apr2025 21:12:42.773] [modloading-worker-0/INFO] [com.cstav.genshinstrument.sound.registrar.NoteSoundRegistrar/]: Successfully registered 21 note sounds of evenmoreinstruments:koto
[04Apr2025 21:12:42.773] [modloading-worker-0/INFO] [com.cstav.genshinstrument.sound.registrar.NoteSoundRegistrar/]: Successfully registered 21 note sounds of evenmoreinstruments:pipa_regular
[04Apr2025 21:12:42.773] [modloading-worker-0/INFO] [com.cstav.genshinstrument.sound.registrar.NoteSoundRegistrar/]: Successfully registered 21 note sounds of evenmoreinstruments:pipa_tremolo
[04Apr2025 21:12:42.813] [modloading-worker-0/INFO] [azurelib/FileWatching]: Registered azurelib config for auto-sync function
[04Apr2025 21:12:43.025] [modloading-worker-0/ERROR] [net.minecraftforge.fml.loading.RuntimeDistCleaner/DISTXFORM]: Attempted to load class net/minecraft/client/gui/screens/Screen for invalid dist DEDICATED_SERVER
[04Apr2025 21:12:43.026] [modloading-worker-0/ERROR] [net.minecraftforge.fml.javafmlmod.FMLModContainer/LOADING]: Failed to create mod instance. ModID: cavedust, class net.lizistired.cavedust.forge.CaveDustForge
java.lang.RuntimeException: Attempted to load class net/minecraft/client/gui/screens/Screen for invalid dist DEDICATED_SERVER
	at net.minecraftforge.fml.loading.RuntimeDistCleaner.processClassWithFlags(RuntimeDistCleaner.java:57) ~[fmlloader-1.20.1-47.3.7.jar%2369!/:1.0]
	at cpw.mods.modlauncher.LaunchPluginHandler.offerClassNodeToPlugins(LaunchPluginHandler.java:88) ~[modlauncher-10.0.9.jar%2355!/:?]
	at cpw.mods.modlauncher.ClassTransformer.transform(ClassTransformer.java:120) ~[modlauncher-10.0.9.jar%2355!/:?]
	at cpw.mods.modlauncher.TransformingClassLoader.maybeTransformClassBytes(TransformingClassLoader.java:50) ~[modlauncher-10.0.9.jar%2355!/:?]
	at cpw.mods.cl.ModuleClassLoader.readerToClass(ModuleClassLoader.java:113) ~[securejarhandler-2.1.10.jar:?]
	at cpw.mods.cl.ModuleClassLoader.lambda$findClass$15(ModuleClassLoader.java:219) ~[securejarhandler-2.1.10.jar:?]
	at cpw.mods.cl.ModuleClassLoader.loadFromModule(ModuleClassLoader.java:229) ~[securejarhandler-2.1.10.jar:?]
	at cpw.mods.cl.ModuleClassLoader.findClass(ModuleClassLoader.java:219) ~[securejarhandler-2.1.10.jar:?]
	at cpw.mods.cl.ModuleClassLoader.loadClass(ModuleClassLoader.java:135) ~[securejarhandler-2.1.10.jar:?]
	at java.lang.ClassLoader.loadClass(ClassLoader.java:525) ~[?:?]
	at java.lang.Class.getDeclaredConstructors0(Native Method) ~[?:?]
	at java.lang.Class.privateGetDeclaredConstructors(Class.java:3373) ~[?:?]
	at java.lang.Class.getConstructor0(Class.java:3578) ~[?:?]
	at java.lang.Class.getDeclaredConstructor(Class.java:2754) ~[?:?]
	at net.minecraftforge.fml.javafmlmod.FMLModContainer.constructMod(FMLModContainer.java:70) ~[javafmllanguage-1.20.1-47.3.7.jar%23609!/:?]
	at net.minecraftforge.fml.ModContainer.lambda$buildTransitionHandler$4(ModContainer.java:124) ~[fmlcore-1.20.1-47.3.7.jar%23608!/:?]
	at java.util.concurrent.CompletableFuture$AsyncRun.run(CompletableFuture.java:1804) ~[?:?]
	at java.util.concurrent.CompletableFuture$AsyncRun.exec(CompletableFuture.java:1796) ~[?:?]
	at java.util.concurrent.ForkJoinTask.doExec(ForkJoinTask.java:373) ~[?:?]
	at java.util.concurrent.ForkJoinPool$WorkQueue.topLevelExec(ForkJoinPool.java:1182) ~[?:?]
	at java.util.concurrent.ForkJoinPool.scan(ForkJoinPool.java:1655) ~[?:?]
	at java.util.concurrent.ForkJoinPool.runWorker(ForkJoinPool.java:1622) ~[?:?]
	at java.util.concurrent.ForkJoinWorkerThread.run(ForkJoinWorkerThread.java:165) ~[?:?]
[04Apr2025 21:12:43.046] [modloading-worker-0/INFO] [quark/]: Initializing TerraBlender underground biome compat
[04Apr2025 21:12:43.349] [modloading-worker-0/WARN] [mixin/]: @Inject(@At("INVOKE_ASSIGN")) Shift.BY=2 on valkyrienskies-common.mixins.json:mod_compat.create.block.MixinRedstoneContactBlock::handler$bmn000$injectTick exceeds the maximum allowed value: 0. Increase the value of maxShiftBy to suppress this warning.
[04Apr2025 21:12:43.609] [modloading-worker-0/INFO] [quark-zeta/]: Discovered 164 modules to load.
[04Apr2025 21:12:43.610] [modloading-worker-0/INFO] [quark-zeta/]: Constructing module Abacus...
[04Apr2025 21:12:43.619] [modloading-worker-0/INFO] [quark-zeta/]: Constructing module Adjustable Chat...
[04Apr2025 21:12:43.621] [modloading-worker-0/INFO] [quark-zeta/]: Constructing module Ambient Discs...
[04Apr2025 21:12:43.622] [modloading-worker-0/INFO] [quark-zeta/]: Constructing module Ancient Tomes...
[04Apr2025 21:12:43.632] [modloading-worker-0/INFO] [quark-zeta/]: Constructing module Ancient Wood...
[04Apr2025 21:12:43.656] [modloading-worker-0/INFO] [quark-zeta/]: Constructing module Armed Armor Stands...
[04Apr2025 21:12:43.656] [modloading-worker-0/INFO] [quark-zeta/]: Constructing module Auto Walk Keybind...
[04Apr2025 21:12:43.657] [modloading-worker-0/INFO] [quark-zeta/]: Constructing module Automatic Recipe Unlock...
[04Apr2025 21:12:43.657] [modloading-worker-0/INFO] [quark-zeta/]: Constructing module Automatic Tool Restock...
[04Apr2025 21:12:43.661] [modloading-worker-0/INFO] [quark-zeta/]: Constructing module Azalea Wood...
[04Apr2025 21:12:43.665] [modloading-worker-0/INFO] [quark-zeta/]: Constructing module Back Button Keybind...
[04Apr2025 21:12:43.665] [modloading-worker-0/INFO] [quark-zeta/]: Constructing module Backpack...
[04Apr2025 21:12:43.674] [modloading-worker-0/INFO] [quark-zeta/]: Constructing module Beacon Redirection...
[04Apr2025 21:12:43.677] [modloading-worker-0/INFO] [quark-zeta/]: Constructing module Better Elytra Rocket...
[04Apr2025 21:12:43.678] [modloading-worker-0/INFO] [quark-zeta/]: Constructing module Big Stone Clusters...
[04Apr2025 21:12:43.691] [modloading-worker-0/INFO] [quark-zeta/]: Constructing module Blossom Trees...
[04Apr2025 21:12:43.695] [modloading-worker-0/INFO] [quark-zeta/]: Constructing module Bottled Cloud...
[04Apr2025 21:12:43.697] [modloading-worker-0/INFO] [quark-zeta/]: Constructing module Buckets Show Inhabitants...
[04Apr2025 21:12:43.697] [modloading-worker-0/INFO] [quark-zeta/]: Constructing module Camera...
[04Apr2025 21:12:43.700] [modloading-worker-0/INFO] [quark-zeta/]: Constructing module Campfires Boost Elytra...
[04Apr2025 21:12:43.702] [modloading-worker-0/INFO] [quark-zeta/]: Constructing module Celebratory Lamps...
[04Apr2025 21:12:43.702] [modloading-worker-0/INFO] [quark-zeta/]: Constructing module Chains Connect Blocks...
[04Apr2025 21:12:43.703] [modloading-worker-0/INFO] [quark-zeta/]: Constructing module Chest Searching...
[04Apr2025 21:12:43.704] [modloading-worker-0/INFO] [quark-zeta/]: Constructing module Chorus Vegetation...
[04Apr2025 21:12:43.711] [modloading-worker-0/INFO] [quark-zeta/]: Constructing module Chute...
[04Apr2025 21:12:43.716] [modloading-worker-0/INFO] [quark-zeta/]: Constructing module Climate Control Remover...
[04Apr2025 21:12:43.717] [modloading-worker-0/INFO] [quark-zeta/]: Constructing module Color Runes...
[04Apr2025 21:12:43.728] [modloading-worker-0/INFO] [quark-zeta/]: Constructing module Compasses Work Everywhere...
[04Apr2025 21:12:43.730] [modloading-worker-0/INFO] [quark-zeta/]: Constructing module Compressed Blocks...
[04Apr2025 21:12:43.731] [modloading-worker-0/INFO] [quark-zeta/]: Constructing module Coral On Cactus...
[04Apr2025 21:12:43.732] [modloading-worker-0/INFO] [quark-zeta/]: Constructing module Corundum...
[04Apr2025 21:12:43.760] [modloading-worker-0/INFO] [quark-zeta/]: Constructing module Crabs...
[04Apr2025 21:12:43.766] [modloading-worker-0/ERROR] [zeta/]: Client event interface org.violetmoon.zeta.client.event.load.ZClientSetup was found in a non client only class!
[04Apr2025 21:12:43.767] [modloading-worker-0/INFO] [quark-zeta/]: Constructing module Crafter...
[04Apr2025 21:12:43.772] [modloading-worker-0/ERROR] [zeta/]: Client event interface org.violetmoon.zeta.client.event.load.ZClientSetup was found in a non client only class!
[04Apr2025 21:12:43.772] [modloading-worker-0/INFO] [quark-zeta/]: Constructing module Crate...
[04Apr2025 21:12:43.774] [modloading-worker-0/INFO] [quark-zeta/]: Constructing module Diamond Repair...
[04Apr2025 21:12:43.776] [modloading-worker-0/INFO] [quark-zeta/]: Constructing module Dispensers Place Blocks...
[04Apr2025 21:12:43.777] [modloading-worker-0/INFO] [quark-zeta/]: Constructing module Double Door Opening...
[04Apr2025 21:12:43.777] [modloading-worker-0/INFO] [quark-zeta/]: Constructing module Dragon Scales...
[04Apr2025 21:12:43.777] [modloading-worker-0/INFO] [quark-zeta/]: Constructing module Duskbound Blocks...
[04Apr2025 21:12:43.778] [modloading-worker-0/INFO] [quark-zeta/]: Constructing module Dyeable Item Frames...
[04Apr2025 21:12:43.779] [modloading-worker-0/INFO] [quark-zeta/]: Constructing module Easy Transfering...
[04Apr2025 21:12:43.779] [modloading-worker-0/INFO] [quark-zeta/]: Constructing module Elytra Indicator...
[04Apr2025 21:12:43.780] [modloading-worker-0/INFO] [quark-zeta/]: Constructing module Emotes...
[04Apr2025 21:12:43.782] [modloading-worker-0/INFO] [quark-zeta/]: Constructing module Enchantment Predicates...
[04Apr2025 21:12:43.782] [modloading-worker-0/INFO] [quark-zeta/]: Constructing module Enchantments Begone...
[04Apr2025 21:12:43.782] [modloading-worker-0/INFO] [quark-zeta/]: Constructing module Ender Watcher...
[04Apr2025 21:12:43.783] [modloading-worker-0/INFO] [quark-zeta/]: Constructing module Endermosh Music Disc...
[04Apr2025 21:12:43.791] [modloading-worker-0/INFO] [quark-zeta/]: Constructing module Enhanced Ladders...
[04Apr2025 21:12:43.792] [modloading-worker-0/INFO] [quark-zeta/]: Constructing module Expanded Item Interactions...
[04Apr2025 21:12:43.792] [modloading-worker-0/ERROR] [zeta/]: Client event interface org.violetmoon.zeta.client.event.load.ZClientSetup was found in a non client only class!
[04Apr2025 21:12:43.792] [modloading-worker-0/INFO] [quark-zeta/]: Constructing module Fairy Rings...
[04Apr2025 21:12:43.796] [modloading-worker-0/INFO] [quark-zeta/]: Constructing module Fallen Logs...
[04Apr2025 21:12:43.799] [modloading-worker-0/INFO] [quark-zeta/]: Constructing module Feeding Trough...
[04Apr2025 21:12:43.804] [modloading-worker-0/ERROR] [zeta/]: Client event interface org.violetmoon.zeta.client.event.load.ZClientSetup was found in a non client only class!
[04Apr2025 21:12:43.804] [modloading-worker-0/INFO] [quark-zeta/]: Constructing module Forgotten...
[04Apr2025 21:12:43.817] [modloading-worker-0/INFO] [quark-zeta/]: Constructing module Foxhound...
[04Apr2025 21:12:43.818] [modloading-worker-0/INFO] [quark-zeta/]: Constructing module Framed Glass...
[04Apr2025 21:12:43.823] [modloading-worker-0/INFO] [quark-zeta/]: Constructing module Game Nerfs...
[04Apr2025 21:12:43.829] [modloading-worker-0/INFO] [quark-zeta/]: Constructing module Glass Item Frame...
[04Apr2025 21:12:43.839] [modloading-worker-0/ERROR] [zeta/]: Client event interface org.violetmoon.zeta.client.event.load.ZClientSetup was found in a non client only class!
[04Apr2025 21:12:43.840] [modloading-worker-0/INFO] [quark-zeta/]: Constructing module Glass Shard...
[04Apr2025 21:12:43.841] [modloading-worker-0/INFO] [quark-zeta/]: Constructing module Glimmering Weald...
[04Apr2025 21:12:43.858] [modloading-worker-0/INFO] [quark-zeta/]: Constructing module Gold Bars...
[04Apr2025 21:12:43.861] [modloading-worker-0/INFO] [quark-zeta/]: Constructing module Gold Tools Have Fortune...
[04Apr2025 21:12:43.863] [modloading-worker-0/INFO] [quark-zeta/]: Constructing module Grab Chickens...
[04Apr2025 21:12:43.866] [modloading-worker-0/INFO] [quark-zeta/]: Constructing module Grate...
[04Apr2025 21:12:43.869] [modloading-worker-0/INFO] [quark-zeta/]: Constructing module Gravisand...
[04Apr2025 21:12:43.872] [modloading-worker-0/INFO] [quark-zeta/]: Constructing module Greener Grass...
[04Apr2025 21:12:43.875] [modloading-worker-0/INFO] [quark-zeta/]: Constructing module Hedges...
[04Apr2025 21:12:43.879] [modloading-worker-0/INFO] [quark-zeta/]: Constructing module Hoe Harvesting...
[04Apr2025 21:12:43.880] [modloading-worker-0/INFO] [quark-zeta/]: Constructing module Hollow Logs...
[04Apr2025 21:12:43.880] [modloading-worker-0/INFO] [quark-zeta/]: Constructing module Horses Swim...
[04Apr2025 21:12:43.880] [modloading-worker-0/INFO] [quark-zeta/]: Constructing module Hotbar Changer...
[04Apr2025 21:12:43.881] [modloading-worker-0/INFO] [quark-zeta/]: Constructing module Improved Sponges...
[04Apr2025 21:12:43.881] [modloading-worker-0/INFO] [quark-zeta/]: Constructing module Improved Tooltips...
[04Apr2025 21:12:43.881] [modloading-worker-0/INFO] [quark-zeta/]: Constructing module Industrial Palette...
[04Apr2025 21:12:43.885] [modloading-worker-0/INFO] [quark-zeta/]: Constructing module Inventory Sorting...
[04Apr2025 21:12:43.885] [modloading-worker-0/INFO] [quark-zeta/]: Constructing module Iron Rod...
[04Apr2025 21:12:43.898] [modloading-worker-0/INFO] [quark-zeta/]: Constructing module Item Sharing...
[04Apr2025 21:12:43.899] [modloading-worker-0/INFO] [quark-zeta/]: Constructing module Japanese Palette...
[04Apr2025 21:12:43.899] [modloading-worker-0/INFO] [quark-zeta/]: Constructing module Leaf Carpet...
[04Apr2025 21:12:43.900] [modloading-worker-0/INFO] [quark-zeta/]: Constructing module Lock Rotation...
[04Apr2025 21:12:43.901] [modloading-worker-0/INFO] [quark-zeta/]: Constructing module Long Range Pick Block...
[04Apr2025 21:12:43.902] [modloading-worker-0/INFO] [quark-zeta/]: Constructing module Magma Keeps Concrete Powder...
[04Apr2025 21:12:43.902] [modloading-worker-0/INFO] [quark-zeta/]: Constructing module Magnets...
[04Apr2025 21:12:43.908] [modloading-worker-0/ERROR] [zeta/]: Client event interface org.violetmoon.zeta.client.event.load.ZClientSetup was found in a non client only class!
[04Apr2025 21:12:43.908] [modloading-worker-0/INFO] [quark-zeta/]: Constructing module Map Washing...
[04Apr2025 21:12:43.909] [modloading-worker-0/INFO] [quark-zeta/]: Constructing module Matrix Enchanting...
[04Apr2025 21:12:43.919] [modloading-worker-0/ERROR] [zeta/]: Client event interface org.violetmoon.zeta.client.event.load.ZClientSetup was found in a non client only class!
[04Apr2025 21:12:43.920] [modloading-worker-0/INFO] [quark-zeta/]: Constructing module Metal Buttons...
[04Apr2025 21:12:43.922] [modloading-worker-0/INFO] [quark-zeta/]: Constructing module Microcrafting Helper...
[04Apr2025 21:12:43.922] [modloading-worker-0/INFO] [quark-zeta/]: Constructing module Midori...
[04Apr2025 21:12:43.924] [modloading-worker-0/INFO] [quark-zeta/]: Constructing module Monster Box...
[04Apr2025 21:12:43.924] [modloading-worker-0/INFO] [quark-zeta/]: Constructing module More Banner Layers...
[04Apr2025 21:12:43.924] [modloading-worker-0/INFO] [quark-zeta/]: Constructing module More Brick Types...
[04Apr2025 21:12:43.926] [modloading-worker-0/INFO] [quark-zeta/]: Constructing module More Mud Blocks...
[04Apr2025 21:12:43.926] [modloading-worker-0/INFO] [quark-zeta/]: Constructing module More Note Block Sounds...
[04Apr2025 21:12:43.928] [modloading-worker-0/INFO] [quark-zeta/]: Constructing module More Potted Plants...
[04Apr2025 21:12:43.929] [modloading-worker-0/ERROR] [zeta/]: Client event interface org.violetmoon.zeta.client.event.load.ZClientSetup was found in a non client only class!
[04Apr2025 21:12:43.929] [modloading-worker-0/INFO] [quark-zeta/]: Constructing module More Villagers...
[04Apr2025 21:12:43.930] [modloading-worker-0/INFO] [quark-zeta/]: Constructing module Narrator Readout...
[04Apr2025 21:12:43.930] [modloading-worker-0/INFO] [quark-zeta/]: Constructing module Nether Brick Fence Gate...
[04Apr2025 21:12:43.930] [modloading-worker-0/INFO] [quark-zeta/]: Constructing module Nether Obsidian Spikes...
[04Apr2025 21:12:43.931] [modloading-worker-0/INFO] [quark-zeta/]: Constructing module New Stone Types...
[04Apr2025 21:12:43.934] [modloading-worker-0/INFO] [quark-zeta/]: Constructing module No Durability On Cosmetics...
[04Apr2025 21:12:43.935] [modloading-worker-0/INFO] [quark-zeta/]: Constructing module No More Lava Pockets...
[04Apr2025 21:12:43.935] [modloading-worker-0/INFO] [quark-zeta/]: Constructing module Obsidian Plate...
[04Apr2025 21:12:43.936] [modloading-worker-0/INFO] [quark-zeta/]: Constructing module Overlay Shader...
[04Apr2025 21:12:43.937] [modloading-worker-0/INFO] [quark-zeta/]: Constructing module Parrot Eggs...
[04Apr2025 21:12:43.939] [modloading-worker-0/ERROR] [zeta/]: Client event interface org.violetmoon.zeta.client.event.load.ZClientSetup was found in a non client only class!
[04Apr2025 21:12:43.939] [modloading-worker-0/INFO] [quark-zeta/]: Constructing module Pat The Dogs...
[04Apr2025 21:12:43.941] [modloading-worker-0/INFO] [quark-zeta/]: Constructing module Pathfinder Maps...
[04Apr2025 21:12:43.942] [modloading-worker-0/INFO] [quark-zeta/]: Constructing module Permafrost...
[04Apr2025 21:12:43.943] [modloading-worker-0/INFO] [quark-zeta/]: Constructing module Petals On Water...
[04Apr2025 21:12:43.945] [modloading-worker-0/INFO] [quark-zeta/]: Constructing module Pickarang...
[04Apr2025 21:12:43.949] [modloading-worker-0/INFO] [quark-zeta/]: Constructing module Pig Litters...
[04Apr2025 21:12:43.951] [modloading-worker-0/INFO] [quark-zeta/]: Constructing module Pipes...
[04Apr2025 21:12:43.958] [modloading-worker-0/INFO] [quark-zeta/]: Constructing module Pistons Move Tile Entities...
[04Apr2025 21:12:43.959] [modloading-worker-0/INFO] [quark-zeta/]: Constructing module Poison Potato Usage...
[04Apr2025 21:12:43.960] [modloading-worker-0/INFO] [quark-zeta/]: Constructing module Quick Armor Swapping...
[04Apr2025 21:12:43.961] [modloading-worker-0/INFO] [quark-zeta/]: Constructing module Rainbow Lamps...
[04Apr2025 21:12:43.961] [modloading-worker-0/INFO] [quark-zeta/]: Constructing module Raw Metal Bricks...
[04Apr2025 21:12:43.962] [modloading-worker-0/INFO] [quark-zeta/]: Constructing module Reacharound Placing...
[04Apr2025 21:12:43.965] [modloading-worker-0/INFO] [quark-zeta/]: Constructing module Redstone Randomizer...
[04Apr2025 21:12:43.969] [modloading-worker-0/INFO] [quark-zeta/]: Constructing module Renewable Spore Blossoms...
[04Apr2025 21:12:43.971] [modloading-worker-0/INFO] [quark-zeta/]: Constructing module Replace Scaffolding...
[04Apr2025 21:12:43.972] [modloading-worker-0/INFO] [quark-zeta/]: Constructing module Rope...
[04Apr2025 21:12:43.976] [modloading-worker-0/INFO] [quark-zeta/]: Constructing module Safer Creatures...
[04Apr2025 21:12:43.978] [modloading-worker-0/INFO] [quark-zeta/]: Constructing module Seed Pouch...
[04Apr2025 21:12:44.016] [modloading-worker-0/INFO] [quark-zeta/]: Constructing module Shear Vines...
[04Apr2025 21:12:44.029] [modloading-worker-0/INFO] [quark-zeta/]: Constructing module Shiba...
[04Apr2025 21:12:44.030] [modloading-worker-0/ERROR] [zeta/]: Client event interface org.violetmoon.zeta.client.event.load.ZClientSetup was found in a non client only class!
[04Apr2025 21:12:44.031] [modloading-worker-0/INFO] [quark-zeta/]: Constructing module Shingles...
[04Apr2025 21:12:44.033] [modloading-worker-0/INFO] [quark-zeta/]: Constructing module Shulker Packing...
[04Apr2025 21:12:44.033] [modloading-worker-0/INFO] [quark-zeta/]: Constructing module Simple Harvest...
[04Apr2025 21:12:44.043] [modloading-worker-0/INFO] [quark-zeta/]: Constructing module Skull Pikes...
[04Apr2025 21:12:44.046] [modloading-worker-0/ERROR] [zeta/]: Client event interface org.violetmoon.zeta.client.event.load.ZClientSetup was found in a non client only class!
[04Apr2025 21:12:44.047] [modloading-worker-0/INFO] [quark-zeta/]: Constructing module Slabs To Blocks...
[04Apr2025 21:12:44.050] [modloading-worker-0/INFO] [quark-zeta/]: Constructing module Slime In A Bucket...
[04Apr2025 21:12:44.052] [modloading-worker-0/INFO] [quark-zeta/]: Constructing module Slimes To Magma Cubes...
[04Apr2025 21:12:44.052] [modloading-worker-0/INFO] [quark-zeta/]: Constructing module Snow Golem Player Heads...
[04Apr2025 21:12:44.052] [modloading-worker-0/INFO] [quark-zeta/]: Constructing module Soul Candles...
[04Apr2025 21:12:44.053] [modloading-worker-0/INFO] [quark-zeta/]: Constructing module Soul Sandstone...
[04Apr2025 21:12:44.053] [modloading-worker-0/INFO] [quark-zeta/]: Constructing module Spawner Replacer...
[04Apr2025 21:12:44.053] [modloading-worker-0/INFO] [quark-zeta/]: Constructing module Spiral Spires...
[04Apr2025 21:12:44.055] [modloading-worker-0/INFO] [quark-zeta/]: Constructing module Stonelings...
[04Apr2025 21:12:44.056] [modloading-worker-0/ERROR] [zeta/]: Client event interface org.violetmoon.zeta.client.event.load.ZClientSetup was found in a non client only class!
[04Apr2025 21:12:44.056] [modloading-worker-0/INFO] [quark-zeta/]: Constructing module Stools...
[04Apr2025 21:12:44.056] [modloading-worker-0/ERROR] [zeta/]: Client event interface org.violetmoon.zeta.client.event.load.ZClientSetup was found in a non client only class!
[04Apr2025 21:12:44.057] [modloading-worker-0/INFO] [quark-zeta/]: Constructing module Sturdy Stone...
[04Apr2025 21:12:44.057] [modloading-worker-0/INFO] [quark-zeta/]: Constructing module Thatch...
[04Apr2025 21:12:44.060] [modloading-worker-0/INFO] [quark-zeta/]: Constructing module Tiny Potato...
[04Apr2025 21:12:44.060] [modloading-worker-0/INFO] [quark-zeta/]: Constructing module Torch Arrow...
[04Apr2025 21:12:44.066] [modloading-worker-0/INFO] [quark-zeta/]: Constructing module Toretoise...
[04Apr2025 21:12:44.067] [modloading-worker-0/ERROR] [zeta/]: Client event interface org.violetmoon.zeta.client.event.load.ZClientSetup was found in a non client only class!
[04Apr2025 21:12:44.068] [modloading-worker-0/INFO] [quark-zeta/]: Constructing module Totem Of Holding...
[04Apr2025 21:12:44.072] [modloading-worker-0/INFO] [quark-zeta/]: Constructing module Trowel...
[04Apr2025 21:12:44.073] [modloading-worker-0/INFO] [quark-zeta/]: Constructing module Usage Ticker...
[04Apr2025 21:12:44.074] [modloading-worker-0/INFO] [quark-zeta/]: Constructing module Uses For Curses...
[04Apr2025 21:12:44.076] [modloading-worker-0/INFO] [quark-zeta/]: Constructing module Utility Recipes...
[04Apr2025 21:12:44.078] [modloading-worker-0/INFO] [quark-zeta/]: Constructing module Variant Animal Textures...
[04Apr2025 21:12:44.079] [modloading-worker-0/INFO] [quark-zeta/]: Constructing module Variant Bookshelves...
[04Apr2025 21:12:44.079] [modloading-worker-0/INFO] [quark-zeta/]: Constructing module Variant Chests...
[04Apr2025 21:12:44.098] [modloading-worker-0/INFO] [quark-zeta/]: Constructing module Variant Furnaces...
[04Apr2025 21:12:44.112] [modloading-worker-0/INFO] [quark-zeta/]: Constructing module Variant Ladders...
[04Apr2025 21:12:44.115] [modloading-worker-0/INFO] [quark-zeta/]: Constructing module Variant Selector...
[04Apr2025 21:12:44.120] [modloading-worker-0/INFO] [quark-zeta/]: Constructing module Vertical Planks...
[04Apr2025 21:12:44.128] [modloading-worker-0/INFO] [quark-zeta/]: Constructing module Vertical Slabs...
[04Apr2025 21:12:44.156] [modloading-worker-0/INFO] [quark-zeta/]: Constructing module Vexes Die With Their Masters...
[04Apr2025 21:12:44.157] [modloading-worker-0/INFO] [quark-zeta/]: Constructing module Villager Rerolling Rework...
[04Apr2025 21:12:44.159] [modloading-worker-0/INFO] [quark-zeta/]: Constructing module Villagers Follow Emeralds...
[04Apr2025 21:12:44.160] [modloading-worker-0/INFO] [quark-zeta/]: Constructing module Wooden Posts...
[04Apr2025 21:12:44.163] [modloading-worker-0/INFO] [quark-zeta/]: Constructing module Wool Shuts Up Minecarts...
[04Apr2025 21:12:44.165] [modloading-worker-0/INFO] [quark-zeta/]: Constructing module Wraith...
[04Apr2025 21:12:44.168] [modloading-worker-0/ERROR] [zeta/]: Client event interface org.violetmoon.zeta.client.event.load.ZClientSetup was found in a non client only class!
[04Apr2025 21:12:44.168] [modloading-worker-0/INFO] [quark-zeta/]: Constructing module Zombie Villagers On Normal...
[04Apr2025 21:12:44.169] [modloading-worker-0/INFO] [quark-zeta/]: Constructing module More Stone Variants...
[04Apr2025 21:12:44.169] [modloading-worker-0/INFO] [quark-zeta/]: Constructed 164 modules.
[04Apr2025 21:12:44.273] [modloading-worker-0/WARN] [net.minecraftforge.common.ForgeConfigSpec/CORE]: Configuration file /workspaces/Server_M/servidor_minecraft/config/quark-common.toml is not correct. Correcting
[04Apr2025 21:12:44.280] [modloading-worker-0/WARN] [net.minecraftforge.common.ForgeConfigSpec/CORE]: Incorrect key management.hotbar_changer was corrected from SimpleCommentedConfig:{Animation Time=7.0} to its default, null. 
[04Apr2025 21:12:44.380] [modloading-worker-0/INFO] [de.keksuccino.fancymenu.FancyMenu/]: [FANCYMENU] Loading v3.3.2 in server-side mode on FORGE!
[04Apr2025 21:12:44.483] [modloading-worker-0/INFO] [mod.chiselsandbits.forge.Forge/]: Initialized Chisels&Bits - Forge
[04Apr2025 21:12:44.492] [modloading-worker-0/INFO] [Puzzles Lib/]: Constructing common components for overflowingbars:main
[04Apr2025 21:12:44.613] [modloading-worker-0/INFO] [mod.chiselsandbits.registrars.ModBlockEntityTypes/]: Loaded block entity configuration.
[04Apr2025 21:12:44.627] [modloading-worker-0/INFO] [mod.chiselsandbits.registrars.ModBlocks/]: Loaded block configuration.
[04Apr2025 21:12:44.641] [modloading-worker-0/INFO] [mod.chiselsandbits.registrars.ModChiselModeGroups/]: Loaded chisel mode group configuration.
[04Apr2025 21:12:45.289] [modloading-worker-0/INFO] [mod.chiselsandbits.registrars.ModChiselModes/]: Loaded chisel mode configuration.
[04Apr2025 21:12:45.293] [modloading-worker-0/INFO] [mod.chiselsandbits.registrars.ModContainerTypes/]: Loaded container type configuration.
[04Apr2025 21:12:45.300] [modloading-worker-0/INFO] [mod.chiselsandbits.registrars.ModCreativeTabs/]: Loaded item group configuration.
[04Apr2025 21:12:45.333] [modloading-worker-0/INFO] [mod.chiselsandbits.registrars.ModItems/]: Loaded item configuration.
[04Apr2025 21:12:45.337] [modloading-worker-0/INFO] [mod.chiselsandbits.registrars.ModMetadataKeys/]: Loaded metadata key configuration.
[04Apr2025 21:12:45.343] [modloading-worker-0/INFO] [mod.chiselsandbits.registrars.ModModelProperties/]: Loaded model property configuration.
[04Apr2025 21:12:45.347] [modloading-worker-0/INFO] [mod.chiselsandbits.registrars.ModModificationOperation/]: Loaded modification operation configuration.
[04Apr2025 21:12:45.349] [modloading-worker-0/INFO] [mod.chiselsandbits.registrars.ModModificationOperationGroups/]: Loaded modification operation group configuration.
[04Apr2025 21:12:45.361] [modloading-worker-0/INFO] [mod.chiselsandbits.registrars.ModPatternPlacementTypes/]: Loaded pattern placement type configuration.
[04Apr2025 21:12:45.363] [modloading-worker-0/INFO] [mod.chiselsandbits.registrars.ModRecipeSerializers/]: Loaded recipe serializer configuration.
[04Apr2025 21:12:45.365] [modloading-worker-0/INFO] [mod.chiselsandbits.registrars.ModTags/]: Loaded tag configuration.
[04Apr2025 21:12:45.366] [modloading-worker-0/INFO] [mod.chiselsandbits.registrars.ModRecipeTypes/]: Registering recipe types.
[04Apr2025 21:12:45.368] [modloading-worker-0/INFO] [mod.chiselsandbits.registrars.ModEventHandler/]: Registering event handlers
[04Apr2025 21:12:45.411] [modloading-worker-0/INFO] [mod.chiselsandbits.forge.platform.ForgePluginDiscoverer/]: Found and loaded ChiselsAndBits plugin: create
[04Apr2025 21:12:45.493] [main/FATAL] [net.minecraftforge.fml.ModLoader/LOADING]: Failed to complete lifecycle event CONSTRUCT, 7 errors found
[04Apr2025 21:12:45.629] [main/FATAL] [net.minecraftforge.common.ForgeMod/]: Preparing crash report with UUID 7373abbe-bdaf-4960-bf42-d1729deac5d5
[04Apr2025 21:12:45.633] [main/FATAL] [net.minecraftforge.server.loading.ServerModLoader/]: Crash report saved to ./crash-reports/crash-2025-04-04_21.12.45-fml.txt
[04Apr2025 21:12:45.677] [main/FATAL] [net.minecraftforge.common.ForgeMod/]: Preparing crash report with UUID 67f64fd9-f239-4864-bcd9-8061e6cc0c92
[04Apr2025 21:12:45.698] [main/ERROR] [net.minecraft.server.Main/FATAL]: Failed to start the minecraft server
net.minecraftforge.fml.LoadingFailedException: Loading errors encountered: [
	LootBeams (lootbeams) has failed to load correctly
§7java.lang.NoClassDefFoundError: net/minecraft/client/renderer/RenderStateShard$EmptyTextureStateShard,
	Blur (Forge) (blur) has failed to load correctly
§7java.lang.ExceptionInInitializerError: null,
	The Immersive Music Mod (timm) has failed to load correctly
§7java.lang.ExceptionInInitializerError: null,
	Smooth Swapping (smoothswapping) has failed to load correctly
§7java.lang.RuntimeException: Attempted to load class net/minecraft/client/gui/screens/Screen for invalid dist DEDICATED_SERVER,
	Oculus (oculus) has failed to load correctly
§7java.lang.RuntimeException: Attempted to load class net/minecraft/client/gui/screens/Screen for invalid dist DEDICATED_SERVER,
	Make Bubbles Pop (make_bubbles_pop) has failed to load correctly
§7java.lang.RuntimeException: Attempted to load class net/minecraft/client/Minecraft for invalid dist DEDICATED_SERVER,
	Cave Dust (cavedust) has failed to load correctly
§7java.lang.RuntimeException: Attempted to load class net/minecraft/client/gui/screens/Screen for invalid dist DEDICATED_SERVER
]
	at net.minecraftforge.fml.ModLoader.waitForTransition(ModLoader.java:246) ~[fmlcore-1.20.1-47.3.7.jar%23608!/:?]
	at net.minecraftforge.fml.ModLoader.lambda$dispatchAndHandleError$20(ModLoader.java:210) ~[fmlcore-1.20.1-47.3.7.jar%23608!/:?]
	at java.util.Optional.ifPresent(Optional.java:178) ~[?:?]
	at net.minecraftforge.fml.ModLoader.dispatchAndHandleError(ModLoader.java:210) ~[fmlcore-1.20.1-47.3.7.jar%23608!/:?]
	at net.minecraftforge.fml.ModLoader.lambda$gatherAndInitializeMods$13(ModLoader.java:183) ~[fmlcore-1.20.1-47.3.7.jar%23608!/:?]
	at java.lang.Iterable.forEach(Iterable.java:75) ~[?:?]
	at net.minecraftforge.fml.ModLoader.gatherAndInitializeMods(ModLoader.java:183) ~[fmlcore-1.20.1-47.3.7.jar%23608!/:?]
	at net.minecraftforge.server.loading.ServerModLoader.load(ServerModLoader.java:30) ~[forge-1.20.1-47.3.7-universal.jar%23612!/:?]
	at net.minecraft.server.Main.main(Main.java:125) ~[server-1.20.1-20230612.114412-srg.jar%23607!/:?]
	at jdk.internal.reflect.NativeMethodAccessorImpl.invoke0(Native Method) ~[?:?]
	at jdk.internal.reflect.NativeMethodAccessorImpl.invoke(NativeMethodAccessorImpl.java:77) ~[?:?]
	at jdk.internal.reflect.DelegatingMethodAccessorImpl.invoke(DelegatingMethodAccessorImpl.java:43) ~[?:?]
	at java.lang.reflect.Method.invoke(Method.java:569) ~[?:?]
	at net.minecraftforge.fml.loading.targets.CommonLaunchHandler.runTarget(CommonLaunchHandler.java:111) ~[fmlloader-1.20.1-47.3.7.jar%2369!/:?]
	at net.minecraftforge.fml.loading.targets.CommonLaunchHandler.serverService(CommonLaunchHandler.java:103) ~[fmlloader-1.20.1-47.3.7.jar%2369!/:?]
	at net.minecraftforge.fml.loading.targets.CommonServerLaunchHandler.lambda$makeService$0(CommonServerLaunchHandler.java:27) ~[fmlloader-1.20.1-47.3.7.jar%2369!/:?]
	at cpw.mods.modlauncher.LaunchServiceHandlerDecorator.launch(LaunchServiceHandlerDecorator.java:30) ~[modlauncher-10.0.9.jar%2355!/:?]
	at cpw.mods.modlauncher.LaunchServiceHandler.launch(LaunchServiceHandler.java:53) ~[modlauncher-10.0.9.jar%2355!/:?]
	at cpw.mods.modlauncher.LaunchServiceHandler.launch(LaunchServiceHandler.java:71) ~[modlauncher-10.0.9.jar%2355!/:?]
	at cpw.mods.modlauncher.Launcher.run(Launcher.java:108) ~[modlauncher-10.0.9.jar%2355!/:?]
	at cpw.mods.modlauncher.Launcher.main(Launcher.java:78) ~[modlauncher-10.0.9.jar%2355!/:?]
	at cpw.mods.modlauncher.BootstrapLaunchConsumer.accept(BootstrapLaunchConsumer.java:26) ~[modlauncher-10.0.9.jar%2355!/:?]
	at cpw.mods.modlauncher.BootstrapLaunchConsumer.accept(BootstrapLaunchConsumer.java:23) ~[modlauncher-10.0.9.jar%2355!/:?]
	at cpw.mods.bootstraplauncher.BootstrapLauncher.main(BootstrapLauncher.java:141) ~[bootstraplauncher-1.1.2.jar:?]
